Upper_Pivot_x,850.9381663113006,850.9381663113006,850.9381663113006,850.9381663113006,850.9381663113006,850.9381663113006,850.9381663113006,850.9381663113006,850.9381663113006,850.9381663113006,850.9381663113006,850.9381663113006,850.9381663113006,850.9381663113006,850.9381663113006,850.9381663113006,850.9381663113006,850.9381663113006,850.9381663113006,850.9381663113006,850.9381663113006,850.9381663113006,850.9381663113006,850.9381663113006,850.9381663113006,850.9381663113006,850.9381663113006,850.9381663113006,850.9381663113006,850.9381663113006,850.9381663113006,850.9381663113006,850.9381663113006,850.9381663113006,850.9381663113006,850.9381663113006,850.9381663113006,850.9381663113006,850.9381663113006,850.9381663113006,850.9381663113006,850.9381663113006,850.9381663113006,850.9381663113006,850.9381663113006,850.9381663113006,850.9381663113006,850.9381663113006,850.9381663113006,850.9381663113006,850.9381663113006,850.9381663113006,850.9381663113006,850.9381663113006,850.9381663113006,850.9381663113006,850.9381663113006,850.9381663113006,850.9381663113006,850.9381663113006,850.9381663113006,850.9381663113006,850.9381663113006,850.9381663113006,850.9381663113006,850.9381663113006,850.9381663113006,850.9381663113006,850.9381663113006,850.9381663113006,850.9381663113006,850.9381663113006,850.9381663113006,850.9381663113006,850.9381663113006,850.9381663113006,850.9381663113006,850.9381663113006,850.9381663113006,850.9381663113006,850.9381663113006,850.9381663113006,850.9381663113006,850.9381663113006,850.9381663113006,850.9381663113006,850.9381663113006,850.9381663113006,850.9381663113006,850.9381663113006,850.9381663113006,850.9381663113006,850.9381663113006,850.9381663113006,850.9381663113006,850.9381663113006,850.9381663113006,850.9381663113006,850.9381663113006,850.9381663113006
Upper_Pivot_y,655.7400119842791,655.7400119842791,655.7400119842791,655.7400119842791,655.7400119842791,655.7400119842791,655.7400119842791,655.7400119842791,655.7400119842791,655.7400119842791,655.7400119842791,655.7400119842791,655.7400119842791,655.7400119842791,655.7400119842791,655.7400119842791,655.7400119842791,655.7400119842791,655.7400119842791,655.7400119842791,655.7400119842791,655.7400119842791,655.7400119842791,655.7400119842791,655.7400119842791,655.7400119842791,655.7400119842791,655.7400119842791,655.7400119842791,655.7400119842791,655.7400119842791,655.7400119842791,655.7400119842791,655.7400119842791,655.7400119842791,655.7400119842791,655.7400119842791,655.7400119842791,655.7400119842791,655.7400119842791,655.7400119842791,655.7400119842791,655.7400119842791,655.7400119842791,655.7400119842791,655.7400119842791,655.7400119842791,655.7400119842791,655.7400119842791,655.7400119842791,655.7400119842791,655.7400119842791,655.7400119842791,655.7400119842791,655.7400119842791,655.7400119842791,655.7400119842791,655.7400119842791,655.7400119842791,655.7400119842791,655.7400119842791,655.7400119842791,655.7400119842791,655.7400119842791,655.7400119842791,655.7400119842791,655.7400119842791,655.7400119842791,655.7400119842791,655.7400119842791,655.7400119842791,655.7400119842791,655.7400119842791,655.7400119842791,655.7400119842791,655.7400119842791,655.7400119842791,655.7400119842791,655.7400119842791,655.7400119842791,655.7400119842791,655.7400119842791,655.7400119842791,655.7400119842791,655.7400119842791,655.7400119842791,655.7400119842791,655.7400119842791,655.7400119842791,655.7400119842791,655.7400119842791,655.7400119842791,655.7400119842791,655.7400119842791,655.7400119842791,655.7400119842791,655.7400119842791,655.7400119842791,655.7400119842791,655.7400119842791
Seatstay_x,745.2398720682303,745.3578555481538,745.4868548911887,745.6268566380159,745.7778461813656,745.9398077675418,746.1127244980652,746.2965783314373,746.4913500850223,746.6970194370482,746.9135649287281,747.1409639664978,747.3791928243743,747.6282266464307,747.8880394493897,748.1586041253345,748.4398924445375,748.7318750584049,749.03452150254,749.3478001999205,749.6716784641941,750.0061225030885,750.3510974219367,750.706567227319,751.0724948308169,751.448842052884,751.8355696268288,752.2326372029121,752.6400033525565,753.0576255726694,753.4854602900771,753.9234628660713,754.371587601067,754.8297877393696,755.2980154740542,755.776221951953,756.2643572787528,756.7623705242005,757.2702097274174,757.7878219023199,758.3151530431488,758.8521481301034,759.3987511350819,759.9549050275278,760.5205517803803,761.0956323761277,761.6800868129659,762.2738541110588,762.8768723188998,763.4890785197771,764.1104088383366,764.7407984472476,765.380181573966,766.0284915075969,766.6856606058554,767.3516203021237,768.0263011126048,768.709632643573,769.4015435987177,770.101961786583,770.8108141280995,771.5280266642085,772.2535245635798,772.9872321304185,773.7290728123631,774.4789692084726,775.2368430773022,776.0026153450669,776.7762061138918,777.557534670148,778.3465194928741,779.1430782622823,779.9471278683466,780.7585844194745,781.5773632512602,782.4033789353178,783.2365452881947,784.0767753803638,784.9239815452931,785.778075388593,786.6389677972386,787.5065689488674,788.3807883211516,789.2615347012421,790.1487161952862,791.0422402380142,791.9420136023988,792.8479424093812,793.7599321376658,794.6778876335833,795.6017131210177,796.5313122113996,797.466587913763,798.407442644865,799.3537782393673,800.3054959600785,801.2624965082555,802.2246800339647,803.1919461464993,804.1641939248543
Seatstay_y,666.7508968022081,667.8299652317364,668.9077722398025,669.9842053719688,671.0591523171427,672.1325009192954,673.2041391891629,674.2739553159314,675.3418376789027,676.4076748591405,677.4713556510949,678.5327690742063,679.5918043844838,680.6483510860601,681.7022989427202,682.753537989403,683.8019585436748,684.8474512171732,685.88990692702,686.9292169072027,687.9652727199226,688.9979662669092,690.0271898006984,691.0528359358742,692.0747976602739,693.0929683461524,694.1072417613075,695.1175120801644,696.1236738948162,697.1256222260229,698.1232525341634,699.1164607301434,700.1051431862561,701.089196746993,702.0685187398084,703.0430069858306,704.0125598105234,704.9770760542945,705.93645508305,706.8905967986941,707.8394016495732,708.7827706408627,709.7206053448955,710.6528079114318,711.5792810778685,712.4999281793871,713.4146531590393,714.3233605777696,715.2259556243723,716.1223441253846,717.012432554912,717.896128044386,718.7733383922546,719.6439720736012,720.5079382496947,721.3651467774673,722.2155082189194,723.0589338504509,723.8953356721194,724.7246264168206,725.5467195593942,726.3615293256512,727.1689707013235,727.9689594409338,728.7614120765857,729.5462459266723,730.3233791045029,731.0927305268465,731.8542199223923,732.6077678401244,733.3532956576119,734.0907255892112,734.8199806941832,735.5409848847197,736.2536629338831,736.9579404834548,737.6537440516933,738.3410010410017,739.0196397455018,739.6895893585153,740.3507799799522,741.0031426236037,741.6466092243397,742.2811126452108,742.9065866844528,743.5229660823942,744.1301865282652,744.7281846669072,745.3168981053838,745.89626541949,746.4662261601611,747.02672085978,747.5776910383818,748.1190792097548,748.6508288874393,749.1728845906206,749.6851918499178,750.1876972130669,750.6803482504979,751.1630935608051
Horst_Pivot_x,441.5245202558635,441.40973317943116,441.2994273984043,441.1937004015984,441.09265113380263,440.9963722206448,440.90494852969726,440.81846808027353,440.7370038960286,440.6606497852804,440.5894724978906,440.523547276927,440.4629613312102,440.40777051909294,440.35805787682153,440.3138770414421,440.27529774130073,440.24238155803175,440.2151880404815,440.1937746871655,440.1781969755849,440.168503256729,440.16475244638974,440.1669923318147,440.17526847844596,440.1896277580849,440.21010797343143,440.23675627533447,440.2696082237971,440.30869981807365,440.3540701927755,440.40574932408947,440.46377481758435,440.5281695737879,440.5989633974612,440.6761868920005,440.75985814946245,440.8500030261676,440.94664264392105,441.04979644185806,441.15948222709363,441.275725249304,441.39851995881963,441.52789346124695,441.663854630114,441.8064135360602,441.9555769348788,442.11135272298014,442.27374500136034,442.4427577520222,442.61839803174956,442.8006636851714,442.9895542671692,443.1850721033155,443.3872069021224,443.59595729773207,443.81131766824757,444.03328450080807,444.2618452871041,444.4969926046823,444.7387151304796,444.98700341931163,445.2418430967371,445.50321814831307,445.7711132581863,446.0455088004999,446.3263970922911,446.6137506087023,446.9075533555592,447.20778388131197,447.51442022821686,447.82743911053353,448.1468162678815,448.4725266070305,448.8045467086813,449.142844956136,449.48739531608794,449.83817107009435,450.19514122143454,450.5582806056179,450.92754060531473,451.3029086461466,451.68433836089054,452.07180311803654,452.4652654538932,452.86469027248745,453.2700456481554,453.6812778909045,454.09836637347485,454.52126642920587,454.94993858164617,455.38434263421055,455.82443774039905,456.2701822674785,456.72153456866926,457.1784502657887,457.6408873207796,458.10880140271166,458.5821464221183,459.06087823551667
Horst_Pivot_y,428.30617823925434,429.6820329593692,431.0655815073801,432.4566235609103,433.8549561993157,435.2603838309148,436.6727200805833,438.09177373896785,439.5173721889604,440.9493150851828,442.38743630844874,443.8315579148045,445.2814853989331,446.73706432548806,448.19810375331485,449.6644504204655,451.13592898958234,452.6123738990401,454.09362132881216,455.57950922133836,457.0698772415027,458.5645736415694,460.0634315086862,461.56629785401753,463.07302172070047,464.583449389807,466.097438493152,467.61483292824573,469.1354914178892,470.6592711351326,472.1860239223041,473.71561327724714,475.2478911115987,476.7827288162335,478.3199872157561,479.8595249754168,481.40121740800413,482.9449279341094,484.49052569023235,486.0378812516948,487.5868665760944,489.1373418987382,490.6892109994277,492.2423295866874,493.79657878152136,495.3518370766204,496.9079869330475,498.4649082484606,500.02248564470506,501.58060306187076,503.1391389331667,504.6979846039418,506.2570280492457,507.8161521716173,509.37525823579637,510.9342331510165,512.4929694987064,514.0513557731139,515.6092936075852,517.1666760002454,518.7234012600247,520.2793639758769,521.8344657556028,523.3886101322962,524.9416988441878,526.4936398820302,528.044321219073,529.5936622293359,531.1415629610573,532.6879316786521,534.232676852788,535.7757085316414,537.3169377836743,538.8562764792589,540.3936330467335,541.9289292338805,543.462076800052,544.9929880545758,546.5215821123901,548.0477674022,549.5714928709015,551.0926438718793,552.6111646081689,554.1269640012816,555.6399697115891,557.150104762969,558.6572859226081,560.1614693131168,561.662550267675,563.160467646044,564.6551504792412,566.146528783985,567.6345334524467,569.1190965322908,570.6001497697807,572.0776298541235,573.5514686834396,575.021602289087,576.4879699126441,577.9505067280309
Main_Pivot_x,816.1513859275053,816.1513859275053,816.1513859275053,816.1513859275053,816.1513859275053,816.1513859275053,816.1513859275053,816.1513859275053,816.1513859275053,816.1513859275053,816.1513859275053,816.1513859275053,816.1513859275053,816.1513859275053,816.1513859275053,816.1513859275053,816.1513859275053,816.1513859275053,816.1513859275053,816.1513859275053,816.1513859275053,816.1513859275053,816.1513859275053,816.1513859275053,816.1513859275053,816.1513859275053,816.1513859275053,816.1513859275053,816.1513859275053,816.1513859275053,816.1513859275053,816.1513859275053,816.1513859275053,816.1513859275053,816.1513859275053,816.1513859275053,816.1513859275053,816.1513859275053,816.1513859275053,816.1513859275053,816.1513859275053,816.1513859275053,816.1513859275053,816.1513859275053,816.1513859275053,816.1513859275053,816.1513859275053,816.1513859275053,816.1513859275053,816.1513859275053,816.1513859275053,816.1513859275053,816.1513859275053,816.1513859275053,816.1513859275053,816.1513859275053,816.1513859275053,816.1513859275053,816.1513859275053,816.1513859275053,816.1513859275053,816.1513859275053,816.1513859275053,816.1513859275053,816.1513859275053,816.1513859275053,816.1513859275053,816.1513859275053,816.1513859275053,816.1513859275053,816.1513859275053,816.1513859275053,816.1513859275053,816.1513859275053,816.1513859275053,816.1513859275053,816.1513859275053,816.1513859275053,816.1513859275053,816.1513859275053,816.1513859275053,816.1513859275053,816.1513859275053,816.1513859275053,816.1513859275053,816.1513859275053,816.1513859275053,816.1513859275053,816.1513859275053,816.1513859275053,816.1513859275053,816.1513859275053,816.1513859275053,816.1513859275053,816.1513859275053,816.1513859275053,816.1513859275053,816.1513859275053,816.1513859275053,816.1513859275053
Main_Pivot_y,460.2544724964619,460.2544724964619,460.2544724964619,460.2544724964619,460.2544724964619,460.2544724964619,460.2544724964619,460.2544724964619,460.2544724964619,460.2544724964619,460.2544724964619,460.2544724964619,460.2544724964619,460.2544724964619,460.2544724964619,460.2544724964619,460.2544724964619,460.2544724964619,460.2544724964619,460.2544724964619,460.2544724964619,460.2544724964619,460.2544724964619,460.2544724964619,460.2544724964619,460.2544724964619,460.2544724964619,460.2544724964619,460.2544724964619,460.2544724964619,460.2544724964619,460.2544724964619,460.2544724964619,460.2544724964619,460.2544724964619,460.2544724964619,460.2544724964619,460.2544724964619,460.2544724964619,460.2544724964619,460.2544724964619,460.2544724964619,460.2544724964619,460.2544724964619,460.2544724964619,460.2544724964619,460.2544724964619,460.2544724964619,460.2544724964619,460.2544724964619,460.2544724964619,460.2544724964619,460.2544724964619,460.2544724964619,460.2544724964619,460.2544724964619,460.2544724964619,460.2544724964619,460.2544724964619,460.2544724964619,460.2544724964619,460.2544724964619,460.2544724964619,460.2544724964619,460.2544724964619,460.2544724964619,460.2544724964619,460.2544724964619,460.2544724964619,460.2544724964619,460.2544724964619,460.2544724964619,460.2544724964619,460.2544724964619,460.2544724964619,460.2544724964619,460.2544724964619,460.2544724964619,460.2544724964619,460.2544724964619,460.2544724964619,460.2544724964619,460.2544724964619,460.2544724964619,460.2544724964619,460.2544724964619,460.2544724964619,460.2544724964619,460.2544724964619,460.2544724964619,460.2544724964619,460.2544724964619,460.2544724964619,460.2544724964619,460.2544724964619,460.2544724964619,460.2544724964619,460.2544724964619,460.2544724964619,460.2544724964619
Rear_Wheel_x,378.640724946695,378.53386105843504,378.43177386712745,378.3345633568318,378.2423309466393,378.15517198026134,378.0731743407552,377.996428970939,377.92501237585503,377.8590211016645,377.7985256310452,377.74360463861484,377.69434830748474,377.6508166499486,377.6130958136347,377.58124366826405,377.5553335408452,377.53543091186816,377.5215992914879,377.5139002007043,377.51239319766415,377.5171309858156,377.5281763613707,377.5455814239547,377.5693961157248,377.5996715930994,377.63645030614515,377.6797835995969,377.72971170272723,377.78627522687657,377.84951772780846,377.91947398206736,377.99618598656735,378.07968168553276,378.1699955506154,378.2671627541062,378.3712065250928,378.4821574185001,378.6000414355685,378.72488292480114,378.85670462997075,378.99553627439366,379.1413783804299,379.29426230896007,379.45420210889347,379.62121290065795,379.7953066146881,379.9764961937486,380.16479093935374,380.36019997706813,380.56273525154177,380.7723999780652,380.98919891554465,381.2131393479529,381.444216664901,381.6824345546858,381.9277926463068,382.1802924635879,382.4399270557679,382.7066941504752,382.98058776239276,383.261603578493,383.54973262169955,383.8449643209556,384.1472886818608,384.45669164104555,384.7731701147209,385.09670256852837,385.4272780650737,385.7648805405158,386.10949338667285,386.46109869310516,386.8196775740189,387.18521029889354,387.5576785893824,387.9370565706822,388.3233234099126,388.716457556969,389.11643346769506,389.52323082990097,389.9368078958181,390.35715564439494,390.7842342295353,391.21802165589446,391.65848601031496,392.105597444539,392.55932887872024,393.01963353093015,393.4864943372677,393.95987247898944,394.4397337326762,394.9260431428713,395.4187650856002,395.91786314724476,396.4233008132943,396.93503904988336,397.4530408184159,397.97726695149805,398.5076766389458,399.0442307054116
Rear_Wheel_y,436.3867450890521,437.8240215446964,439.27078793810335,440.7268208431216,442.1918936148476,443.66578836891847,445.1482982537377,446.6392105035596,448.1383346856366,449.645446856533,451.16036424981746,452.68288975976884,454.2128062518223,455.749944784339,457.29409236306435,458.84508129017615,460.4027172030368,461.96681742920566,463.5372013105517,465.11369022763967,466.6961075507454,468.284286892014,469.8780435461059,471.47720946740594,473.0816189651758,474.69110294365635,476.305505853662,477.9246555623393,479.54839765166105,481.17657574884055,482.80902699364077,484.4456024189212,486.08613906680137,487.73049724500015,489.3785244914061,491.03006566309983,492.6849854662588,494.34313425605313,496.0043691348037,497.66854882457426,499.33553359762914,501.00516960008713,502.677354958681,504.3519301870606,506.02876608749636,507.7077302063873,509.38869471827593,511.07152861996633,512.756106434685,514.4423017529049,516.1299814773814,517.8190278010793,519.5093187709183,521.2007262651125,522.8931439273882,524.5864481597885,526.2805219993597,527.9752434896614,529.6705061903403,531.3661932469498,533.0621939946525,534.7583932109643,536.4546838878746,538.1509611666203,539.8471179153081,541.5430542892005,543.2386465330571,544.9338080409763,546.628429116144,548.3224096729131,550.0156497249715,551.7080510107542,553.3995163307603,555.0899492875243,556.7792492596398,558.4673312490237,560.1540982760644,561.8394538655073,563.5233094432447,565.2055636469165,566.8861628549984,568.5649781220284,570.241949896679,571.9169767853497,573.5899793717391,575.2608726048965,576.9295638988449,578.5960069163071,580.2600834741489,581.921726556526,583.5808573943115,585.2373982171716,586.8912721228639,588.5424034059649,590.1907158433174,591.8361388608978,593.4785960857361,595.1180158408122,596.7543300537782,598.3874657079424
Shock_Rocker_x,897.7665245202558,898.2105152331992,898.6495737223131,899.0836541778419,899.5127113094202,899.9367003507973,900.355577064509,900.7692977464924,901.177819230646,901.5810988933338,901.9790946578321,902.3717649987199,902.7590689462112,903.1409660904301,903.5174165856266,903.8883811543342,904.2538210914678,904.6136982683621,904.96797513675,905.31661473268,905.6595806803731,905.9968371960177,906.3283490915036,906.6540817780934,906.9740012700308,907.2880741880874,907.5962677630446,907.8985498391131,908.1948888772877,908.4852539586378,908.769614787534,909.0479416948085,909.3202056408505,909.5863782186367,909.8464316566947,910.1003388220007,910.3480732228109,910.5896090114245,910.8249209868817,911.0539845975924,911.276775943898,911.4932717805651,911.7034495192106,911.9072872306587,912.1047636472288,912.2958581649546,912.4805508457334,912.6588224194074,912.8306542857731,912.9960285165225,913.1549278571139,913.3073357285717,913.4532362292166,913.5926141363245,913.7254549077148,913.8517446832677,913.9714702863705,914.0846192252918,914.1911796944856,914.2911405758229,914.384491439751,914.4712225463825,914.5513248465114,914.6247899825569,914.6916102894356,914.7517787953614,914.8052892225726,914.852135987987,914.8923142037847,914.925819677918,914.9526489145479,914.9727991144105,914.9862681751073,914.9930546913262,914.9931579549867,914.9865779553148,914.9733153788435,914.9533716093415,914.9267487276686,914.893449511559,914.8534774353309,914.8068366695243,914.7535320804661,914.693569229762,914.6269543737162,914.553694462679,914.4737971403214,914.3872707428374,914.2941242980745,914.1943675245919,914.0880108306461,913.9750653131051,913.8555427562909,913.7294556307494,913.5968170919497,913.4576409789114,913.3119418127606,913.159734795215,913.0010358069974,912.8358614061794
Shock_Rocker_y,699.4463883645241,698.9657855024491,698.4806726214082,697.9911003363036,697.4971197273151,696.9987823345712,696.496140152771,695.9892456257597,695.4781516410567,694.9629115243372,694.4435790338688,693.9202083549023,693.3928540940185,692.8615712734303,692.3264153252422,691.787442085667,691.244707789199,690.6982690627481,690.1481829197305,689.5945067541206,689.0372983344627,688.4766157978432,687.9125176438256,687.3450627283462,686.7743102575735,686.2003197817307,685.623151188883,685.0428646986883,684.4595208561148,683.8731805251232,683.2839048823174,682.6917554105607,682.0967938925611,681.4990824044254,680.8986833091822,680.295659250275,679.6900731450265,679.0819881780741,678.471467794777,677.8585756945972,677.2433758244525,676.6259323720452,676.006309759165,675.3845726349667,674.7607858692259,674.1350145455701,673.5073239546884,672.8777795875192,672.246447128417,671.6133924482995,670.9786815977743,670.3423808002482,669.7045564450168,669.0652750803386,668.4246034064905,667.7826082688099,667.1393566507192,666.4949156667371,665.8493525554769,665.2027346726304,664.55512948394,663.9066045581607,663.2572275600087,662.6070662431031,661.9561884428953,661.3046620695923,660.6525551010707,659.9999355757843,659.3468715856654,658.6934312690198,658.0396828034181,657.3856943985819,656.7315342892672,656.077270728145,655.42297197868,654.7687063080087,654.1145419798158,653.4605472472126,652.8067903456152,652.1533394856256,651.5002628459142,650.8476285661068,650.195504739675,649.5439594068315,648.8930605474311,648.2428760738779,647.5934738240398,646.9449215541702,646.2972869318384,645.6506375288702,645.0050408142971,644.3605641473167,643.7172747702652,643.0752398016012,642.4345262289029,641.795200901879,641.1573305253935,640.5209816525065,639.8862206775298,639.2531138290996
Shock_Frame_x,876.3592750533049,876.3592750533049,876.3592750533049,876.3592750533049,876.3592750533049,876.3592750533049,876.3592750533049,876.3592750533049,876.3592750533049,876.3592750533049,876.3592750533049,876.3592750533049,876.3592750533049,876.3592750533049,876.3592750533049,876.3592750533049,876.3592750533049,876.3592750533049,876.3592750533049,876.3592750533049,876.3592750533049,876.3592750533049,876.3592750533049,876.3592750533049,876.3592750533049,876.3592750533049,876.3592750533049,876.3592750533049,876.3592750533049,876.3592750533049,876.3592750533049,876.3592750533049,876.3592750533049,876.3592750533049,876.3592750533049,876.3592750533049,876.3592750533049,876.3592750533049,876.3592750533049,876.3592750533049,876.3592750533049,876.3592750533049,876.3592750533049,876.3592750533049,876.3592750533049,876.3592750533049,876.3592750533049,876.3592750533049,876.3592750533049,876.3592750533049,876.3592750533049,876.3592750533049,876.3592750533049,876.3592750533049,876.3592750533049,876.3592750533049,876.3592750533049,876.3592750533049,876.3592750533049,876.3592750533049,876.3592750533049,876.3592750533049,876.3592750533049,876.3592750533049,876.3592750533049,876.3592750533049,876.3592750533049,876.3592750533049,876.3592750533049,876.3592750533049,876.3592750533049,876.3592750533049,876.3592750533049,876.3592750533049,876.3592750533049,876.3592750533049,876.3592750533049,876.3592750533049,876.3592750533049,876.3592750533049,876.3592750533049,876.3592750533049,876.3592750533049,876.3592750533049,876.3592750533049,876.3592750533049,876.3592750533049,876.3592750533049,876.3592750533049,876.3592750533049,876.3592750533049,876.3592750533049,876.3592750533049,876.3592750533049,876.3592750533049,876.3592750533049,876.3592750533049,876.3592750533049,876.3592750533049,876.3592750533049
Shock_Frame_y,502.7270916370015,502.7270916370015,502.7270916370015,502.7270916370015,502.7270916370015,502.7270916370015,502.7270916370015,502.7270916370015,502.7270916370015,502.7270916370015,502.7270916370015,502.7270916370015,502.7270916370015,502.7270916370015,502.7270916370015,502.7270916370015,502.7270916370015,502.7270916370015,502.7270916370015,502.7270916370015,502.7270916370015,502.7270916370015,502.7270916370015,502.7270916370015,502.7270916370015,502.7270916370015,502.7270916370015,502.7270916370015,502.7270916370015,502.7270916370015,502.7270916370015,502.7270916370015,502.7270916370015,502.7270916370015,502.7270916370015,502.7270916370015,502.7270916370015,502.7270916370015,502.7270916370015,502.7270916370015,502.7270916370015,502.7270916370015,502.7270916370015,502.7270916370015,502.7270916370015,502.7270916370015,502.7270916370015,502.7270916370015,502.7270916370015,502.7270916370015,502.7270916370015,502.7270916370015,502.7270916370015,502.7270916370015,502.7270916370015,502.7270916370015,502.7270916370015,502.7270916370015,502.7270916370015,502.7270916370015,502.7270916370015,502.7270916370015,502.7270916370015,502.7270916370015,502.7270916370015,502.7270916370015,502.7270916370015,502.7270916370015,502.7270916370015,502.7270916370015,502.7270916370015,502.7270916370015,502.7270916370015,502.7270916370015,502.7270916370015,502.7270916370015,502.7270916370015,502.7270916370015,502.7270916370015,502.7270916370015,502.7270916370015,502.7270916370015,502.7270916370015,502.7270916370015,502.7270916370015,502.7270916370015,502.7270916370015,502.7270916370015,502.7270916370015,502.7270916370015,502.7270916370015,502.7270916370015,502.7270916370015,502.7270916370015,502.7270916370015,502.7270916370015,502.7270916370015,502.7270916370015,502.7270916370015,502.7270916370015
Front_Wheel_x,1633.640724946695,1633.640724946695,1633.640724946695,1633.640724946695,1633.640724946695,1633.640724946695,1633.640724946695,1633.640724946695,1633.640724946695,1633.640724946695,1633.640724946695,1633.640724946695,1633.640724946695,1633.640724946695,1633.640724946695,1633.640724946695,1633.640724946695,1633.640724946695,1633.640724946695,1633.640724946695,1633.640724946695,1633.640724946695,1633.640724946695,1633.640724946695,1633.640724946695,1633.640724946695,1633.640724946695,1633.640724946695,1633.640724946695,1633.640724946695,1633.640724946695,1633.640724946695,1633.640724946695,1633.640724946695,1633.640724946695,1633.640724946695,1633.640724946695,1633.640724946695,1633.640724946695,1633.640724946695,1633.640724946695,1633.640724946695,1633.640724946695,1633.640724946695,1633.640724946695,1633.640724946695,1633.640724946695,1633.640724946695,1633.640724946695,1633.640724946695,1633.640724946695,1633.640724946695,1633.640724946695,1633.640724946695,1633.640724946695,1633.640724946695,1633.640724946695,1633.640724946695,1633.640724946695,1633.640724946695,1633.640724946695,1633.640724946695,1633.640724946695,1633.640724946695,1633.640724946695,1633.640724946695,1633.640724946695,1633.640724946695,1633.640724946695,1633.640724946695,1633.640724946695,1633.640724946695,1633.640724946695,1633.640724946695,1633.640724946695,1633.640724946695,1633.640724946695,1633.640724946695,1633.640724946695,1633.640724946695,1633.640724946695,1633.640724946695,1633.640724946695,1633.640724946695,1633.640724946695,1633.640724946695,1633.640724946695,1633.640724946695,1633.640724946695,1633.640724946695,1633.640724946695,1633.640724946695,1633.640724946695,1633.640724946695,1633.640724946695,1633.640724946695,1633.640724946695,1633.640724946695,1633.640724946695,1633.640724946695
Front_Wheel_y,442.2969808775664,442.2969808775664,442.2969808775664,442.2969808775664,442.2969808775664,442.2969808775664,442.2969808775664,442.2969808775664,442.2969808775664,442.2969808775664,442.2969808775664,442.2969808775664,442.2969808775664,442.2969808775664,442.2969808775664,442.2969808775664,442.2969808775664,442.2969808775664,442.2969808775664,442.2969808775664,442.2969808775664,442.2969808775664,442.2969808775664,442.2969808775664,442.2969808775664,442.2969808775664,442.2969808775664,442.2969808775664,442.2969808775664,442.2969808775664,442.2969808775664,442.2969808775664,442.2969808775664,442.2969808775664,442.2969808775664,442.2969808775664,442.2969808775664,442.2969808775664,442.2969808775664,442.2969808775664,442.2969808775664,442.2969808775664,442.2969808775664,442.2969808775664,442.2969808775664,442.2969808775664,442.2969808775664,442.2969808775664,442.2969808775664,442.2969808775664,442.2969808775664,442.2969808775664,442.2969808775664,442.2969808775664,442.2969808775664,442.2969808775664,442.2969808775664,442.2969808775664,442.2969808775664,442.2969808775664,442.2969808775664,442.2969808775664,442.2969808775664,442.2969808775664,442.2969808775664,442.2969808775664,442.2969808775664,442.2969808775664,442.2969808775664,442.2969808775664,442.2969808775664,442.2969808775664,442.2969808775664,442.2969808775664,442.2969808775664,442.2969808775664,442.2969808775664,442.2969808775664,442.2969808775664,442.2969808775664,442.2969808775664,442.2969808775664,442.2969808775664,442.2969808775664,442.2969808775664,442.2969808775664,442.2969808775664,442.2969808775664,442.2969808775664,442.2969808775664,442.2969808775664,442.2969808775664,442.2969808775664,442.2969808775664,442.2969808775664,442.2969808775664,442.2969808775664,442.2969808775664,442.2969808775664,442.2969808775664
Bottom_Bracket_x,824.1791044776119,824.1791044776119,824.1791044776119,824.1791044776119,824.1791044776119,824.1791044776119,824.1791044776119,824.1791044776119,824.1791044776119,824.1791044776119,824.1791044776119,824.1791044776119,824.1791044776119,824.1791044776119,824.1791044776119,824.1791044776119,824.1791044776119,824.1791044776119,824.1791044776119,824.1791044776119,824.1791044776119,824.1791044776119,824.1791044776119,824.1791044776119,824.1791044776119,824.1791044776119,824.1791044776119,824.1791044776119,824.1791044776119,824.1791044776119,824.1791044776119,824.1791044776119,824.1791044776119,824.1791044776119,824.1791044776119,824.1791044776119,824.1791044776119,824.1791044776119,824.1791044776119,824.1791044776119,824.1791044776119,824.1791044776119,824.1791044776119,824.1791044776119,824.1791044776119,824.1791044776119,824.1791044776119,824.1791044776119,824.1791044776119,824.1791044776119,824.1791044776119,824.1791044776119,824.1791044776119,824.1791044776119,824.1791044776119,824.1791044776119,824.1791044776119,824.1791044776119,824.1791044776119,824.1791044776119,824.1791044776119,824.1791044776119,824.1791044776119,824.1791044776119,824.1791044776119,824.1791044776119,824.1791044776119,824.1791044776119,824.1791044776119,824.1791044776119,824.1791044776119,824.1791044776119,824.1791044776119,824.1791044776119,824.1791044776119,824.1791044776119,824.1791044776119,824.1791044776119,824.1791044776119,824.1791044776119,824.1791044776119,824.1791044776119,824.1791044776119,824.1791044776119,824.1791044776119,824.1791044776119,824.1791044776119,824.1791044776119,824.1791044776119,824.1791044776119,824.1791044776119,824.1791044776119,824.1791044776119,824.1791044776119,824.1791044776119,824.1791044776119,824.1791044776119,824.1791044776119,824.1791044776119,824.1791044776119
Bottom_Bracket_y,415.296293091436,415.296293091436,415.296293091436,415.296293091436,415.296293091436,415.296293091436,415.296293091436,415.296293091436,415.296293091436,415.296293091436,415.296293091436,415.296293091436,415.296293091436,415.296293091436,415.296293091436,415.296293091436,415.296293091436,415.296293091436,415.296293091436,415.296293091436,415.296293091436,415.296293091436,415.296293091436,415.296293091436,415.296293091436,415.296293091436,415.296293091436,415.296293091436,415.296293091436,415.296293091436,415.296293091436,415.296293091436,415.296293091436,415.296293091436,415.296293091436,415.296293091436,415.296293091436,415.296293091436,415.296293091436,415.296293091436,415.296293091436,415.296293091436,415.296293091436,415.296293091436,415.296293091436,415.296293091436,415.296293091436,415.296293091436,415.296293091436,415.296293091436,415.296293091436,415.296293091436,415.296293091436,415.296293091436,415.296293091436,415.296293091436,415.296293091436,415.296293091436,415.296293091436,415.296293091436,415.296293091436,415.296293091436,415.296293091436,415.296293091436,415.296293091436,415.296293091436,415.296293091436,415.296293091436,415.296293091436,415.296293091436,415.296293091436,415.296293091436,415.296293091436,415.296293091436,415.296293091436,415.296293091436,415.296293091436,415.296293091436,415.296293091436,415.296293091436,415.296293091436,415.296293091436,415.296293091436,415.296293091436,415.296293091436,415.296293091436,415.296293091436,415.296293091436,415.296293091436,415.296293091436,415.296293091436,415.296293091436,415.296293091436,415.296293091436,415.296293091436,415.296293091436,415.296293091436,415.296293091436,415.296293091436,415.296293091436
ShockLength,197.88065098617233,197.4515172578228,197.0185825828931,196.58186716967774,196.14139148269427,195.6971762447047,195.24924243878527,194.79761131044813,194.34230436981426,193.88334339383985,193.42075042859724,192.95454779161122,192.48475807425265,192.01140414419032,191.5345091479024,191.05409651324916,190.57018995210782,190.0828134630721,189.59199133421635,189.097748145927,188.60010877380296,188.0990983916252,187.59474247439869,187.0870668014678,186.57609745970598,186.06186084678288,185.54438367450982,185.0236929722656,184.49981609050394,183.97278070434547,183.4426148172557,182.9093467648102,182.37300521854957,181.8336191899273,181.29121803435,180.74583145531426,180.19748950864167,179.64622260681358,179.09206152340863,178.53503739764466,177.97518173902714,177.41252643210748,176.8471037413525,176.27894631612708,175.70808719579418,175.1345598149329,174.55839800867736,173.97963601817992,173.39830849620023,172.81445051282262,172.22809756130528,171.6392855640631,171.0480508787868,170.4544303047016,169.85846108896683,169.26018093322145,168.65962800027506,168.0568409209495,167.45185880107323,166.84472122863073,166.2354682810688,165.62414053276538,165.01077906265982,164.39542546205016,163.77812184255808,163.1589108442659,162.53783564402653,161.91493996394996,161.2902680800684,160.66386483118214,160.03577562788942,159.40604646180117,158.77472391494422,158.1418551693541,157.5074880168593,156.87167086905995,156.23445276750067,155.59588339404152,154.95601308142585,154.31489282404854,153.6725742889239,153.02910982685427,152.38455248380163,151.7389560124588,151.09237488402422,150.444864300177,149.79648020525292,149.14727929861974,148.49731904725078,147.846657698495,147.1953542930399,146.54346867806663,145.89106152059227,145.23819432099552,144.5849294267222,143.93133004616507,143.27746026271075,142.62338504894996,141.96917028104068,141.31488275321877
LeverageRatio,3.3492507362963098,3.3417660381254874,3.334054308498199,3.326114959396179,3.317974324207025,3.3096628681022113,3.301172475226067,3.292557280128337,3.283747965056694,3.274838804541625,3.265802012177413,3.2565985067863212,3.247334467708486,3.2379194387544525,3.228451575240675,3.2188774402785585,3.209223795886205,3.1994969033018665,3.189702871868444,3.1798475196036375,3.1699529545978855,3.1599840502637,3.149975479557353,3.1399329991850187,3.129851002501948,3.1197567670748714,3.109619015086341,3.0994726926325904,3.0893145696481277,3.079132936600696,3.068954567548812,3.058753623167753,3.0485739172720634,3.038391842384438,3.028202810956005,3.018043418347316,3.007887439452011,2.997747276917028,2.9876258725563845,2.977525987986336,2.967422473269978,2.9574075924704735,2.9473789376512616,2.9373900507325263,2.927434983783374,2.9175215948678446,2.9076441254271392,2.8978119064135712,2.888023057362843,2.878265931994078,2.868566421215745,2.8589171304269207,2.849307399428893,2.8397736285576074,2.8302864738854376,2.8208568248263193,2.811476138801404,2.8021699236759456,2.7929206387075873,2.783738272403254,2.7746151242425956,2.765564450304238,2.756589507341955,2.74768638175723,2.73886668449033,2.730091691317058,2.7214211980258916,2.7128179111212454,2.7042972075590854,2.6958591919455044,2.687506593184397,2.679241108094663,2.6710640532386107,2.662968858762437,2.6549802804574094,2.647079583761233,2.6392678062734003,2.6315575899343053,2.623929261810569,2.6164575925801627,2.60902561989251,2.6017417887265557,2.5945415797993214,2.587459659455111,2.580487909911236,2.57361540329555,2.56691418701891,2.5602743465264033,2.5537756093157946,2.5474008332970532,2.5411525961162096,2.5350333556959987,2.5290461584236703,2.523191513583557,2.517479462997356,2.5119026240382873,2.5064697768469317,2.501188131529469,2.4960519415689517,2.4960519415689517
VerticalTravel,0.0,1.4372764556442803,2.884042849051241,4.34007575406946,5.80514852579546,7.279043279866357,8.761553164685608,10.25246541450747,11.751589596584495,13.258701767480886,14.77361916076535,16.29614467071673,17.826061162770202,19.36319969528688,20.90734727401224,22.45833620112404,24.015972113984674,25.58007234015355,27.15045622149961,28.726945138587553,30.309362461693297,31.897541802961882,33.4912984570538,35.09046437835383,36.694873876123665,38.304357854604234,39.918760764609885,41.537910473287184,43.161652562608936,44.789830659788436,46.42228190458866,48.05885732986911,49.69939397774925,51.34375215594804,52.991779402353984,54.64332057404772,56.298240377206696,57.95638916700102,59.6176240457516,61.281803735522146,62.948788508577024,64.61842451103502,66.2906098696289,67.96518509800848,69.64202099844425,71.32098511733517,73.00194962922382,74.68478353091422,76.36936134563285,78.05555666385277,79.74323638832931,81.43228271202719,83.12257368186619,84.8139811760604,86.50639883833611,88.19970307073635,89.89377691030762,91.58849840060924,93.28376110128823,94.9794481578977,96.67544890560038,98.37164812191219,100.06793879882247,101.76421607756816,103.46037282625599,105.15630920014843,106.85190144400502,108.54706295192415,110.24168402709194,111.93566458386096,113.62890463591935,115.32130592170205,117.01277124170821,118.70320419847218,120.39250417058764,122.08058615997157,123.76735318701225,125.45270877645515,127.13656435419256,128.8188185578644,130.49941776594625,132.17823303297627,133.85520480762688,135.53023169629756,137.203234282687,138.87412751584435,140.54281880979278,142.20926182725503,143.87333838509682,145.53498146747387,147.19411230525935,148.85065312811952,150.50452703381183,152.15565831691282,153.80397075426532,155.44939377184568,157.09185099668395,158.73127075176006,160.36758496472606,162.00072061889028
AxlePathX,0.0,-0.10686388825996573,-0.2089510795675551,-0.3061615898632226,-0.3983940000557027,-0.48555296643365864,-0.5675506059398003,-0.6442959757559947,-0.715712570839969,-0.7817038450305063,-0.8421993156497933,-0.8971203080801615,-0.946376639210257,-0.989908296746421,-1.0276291330603158,-1.059481278430951,-1.0853914058498049,-1.1052940348268407,-1.1191256552070854,-1.1268247459906888,-1.128331749030849,-1.1235939608794183,-1.112548585324305,-1.0951435227403294,-1.0713288309701738,-1.0410533535956006,-1.004274640549852,-0.9609413470981281,-0.9110132439677727,-0.8544497198184331,-0.7912072188865409,-0.721250964627643,-0.6445389601276474,-0.56104326116224,-0.47072939607960507,-0.37356219258879264,-0.26951842160218575,-0.15856752819490794,-0.04068351112647406,0.08415797810613412,0.2159796832757479,0.35481132769865553,0.5006534337348967,0.6535373622650695,0.8134771621984669,0.9804879539629496,1.1545816679931136,1.3357712470535716,1.524065992658734,1.7194750303731325,1.922010304846765,2.1316750313702073,2.348473968849646,2.5724144012579018,2.8034917182059758,3.0417096079908106,3.2870676996117822,3.5395675168928733,3.799202109072894,4.065969203780185,4.339862815697757,4.620878631798007,4.9090076750045455,5.204239374260624,5.506563735165798,5.81596669435055,6.132445168025924,6.4559776218333695,6.78655311837872,7.124155593820774,7.4687684399778504,7.820373746410155,8.178952627323895,8.544485352198535,8.916953642687417,9.296331623987214,9.682598463217573,10.075732610273974,10.475708521000058,10.882505883205965,11.296082949123104,11.716430697699934,12.143509282840284,12.577296709199459,13.017761063619957,13.464872497843999,13.918603932025235,14.378908584235148,14.845769390572684,15.319147532294437,15.799008785981187,16.28531819617632,16.778040138905226,17.277138200549757,17.782575866599302,18.294314103188356,18.812315871720898,19.33654200480305,19.86695169225078,20.40350575871662
IFC_x,852.4783943664349,853.7632188334446,855.0347302757668,856.2934742820868,857.5399643464048,858.774683951086,859.9980887006147,861.210607656409,862.4126459081377,863.6045838051443,864.7867814888167,865.9595778322491,867.1232907097263,868.2782225979421,869.4246554581259,870.5628581261853,871.6930817876522,872.815563766845,873.9305275846588,875.0381837008025,876.1387302042625,877.2323544375106,878.3192303145988,879.3995228615156,880.4733872294662,881.5409684325897,882.6024041000993,883.6578208195975,884.7073392942012,885.7510720734087,886.7891231436845,887.8215914270133,888.8485667504306,889.870136193295,890.8863785641491,891.8973662080958,892.9031692977013,893.9038501151703,894.8994669944333,895.8900736759949,896.8757195283259,897.8564466472816,898.8323032018253,899.803321912007,900.7695376514944,901.7309809839794,902.687679965919,903.6396586588664,904.5869391544475,905.5295403414937,906.467476707385,907.4007634462176,908.3294122551205,909.2534309067179,910.1728299764005,911.0876137858519,911.9977861249091,912.9033475543554,913.804300584198,914.7006433927338,915.5923740326957,916.4794878130376,917.3619806644771,918.2398477218493,919.113082246414,919.981678245295,920.8456221514086,921.7049093470207,922.5595280149223,923.4094680496072,924.2547185577483,925.0952683806437,925.9311059828837,926.7622194458825,927.58859507068,928.4102231971779,929.2270902829374,930.0391825318662,930.8464881641453,931.6489913083477,932.446690296541,933.2395605725587,934.0275985076956,934.8107876825275,935.589118409102,936.3625793232804,937.131156764368,937.8948518444175,938.6536431456539,939.4075256572144,940.1564909282662,940.9005311407487,941.6396391074624,942.3738084190093,943.1030329160416,943.8273087687979,944.5466307192315,945.2609955914343,945.9704019906482,946.6748474480999
IFC_y,472.5162674193331,472.2593001601722,471.996196690892,471.72693463124426,471.451492996254,471.1698516211521,470.88199091640354,470.5878927569387,470.28753878941706,469.98091388057077,469.6680013977401,469.34878668996254,469.0232577872234,468.69140027089657,468.3532042410345,468.00865730522344,467.6577503543441,467.30047445027833,466.93682160168584,466.56678476007914,466.19035782255514,465.8075347598012,465.4183125850867,465.02268776246734,464.6206576163363,464.2122210012092,463.79737632913907,463.3761251263373,462.9484679505487,462.514406704984,462.07394529877485,461.62708698528354,461.17383806785693,460.7142028129032,460.2481883736408,459.77580350530263,459.29705519224444,458.8119536777375,458.3205093588076,457.8227335284722,457.3186383791671,456.8082396341434,456.2915454492209,455.7685747485214,455.2393425186988,454.70386541517405,454.16216037423146,453.6142460154215,453.0601410439904,452.49986542624754,451.9334415504529,451.36088993837035,450.7822329667722,450.1974953620161,449.60669843360273,449.00986805678826,448.40702978282127,447.7982112962358,447.1834379182563,446.56273823604425,445.9361404572872,445.3036748197299,444.6653706443438,444.02125765627807,443.37136702654675,442.7157290489703,442.0543808275982,441.3873511852616,440.7146755237731,440.0363876917718,439.35252232899234,438.66311442571714,437.9681994680008,437.26781348537014,436.5619944282173,435.8507766483033,435.1341984855522,434.4122988679479,433.68511513411363,432.952689001724,432.2150486726443,431.47224523722855,430.72430966703797,429.9712860451621,429.2132122899293,428.4501285067919,427.6820776881147,426.9090883733717,426.1312125672432,425.3484861956844,424.56094927588254,423.76864178795876,422.97160368499135,422.16987474591747,421.3634951376234,420.5525032190424,419.7369395212839,418.9168430356276,418.09225150405865,417.26320449579197
CLINE_0_x,833.0805145113324,833.2707504067291,833.4620470474406,833.6543720898973,833.8476929594926,834.0419782917054,834.2371981881022,834.4333221875029,834.6303226192377,834.8281679853127,835.0268317954013,835.2262859943586,835.4265003334025,835.6274503305718,835.8291065085787,836.0314447807286,836.2344381010822,836.4380609079825,836.6422879998497,836.8470945361444,837.0524560299056,837.2583492744168,837.4647491220704,837.671632431963,837.8789764448088,838.086758141996,838.2949561253681,838.5035472787977,838.7125105603748,838.9218248214362,839.1314683208603,839.3414209446412,839.5516611749862,839.762170117779,839.9729276051507,840.183913298373,840.3951090812475,840.6064954115914,840.8180535701198,841.0297651110579,841.2416118529709,841.4535742516432,841.6656382575998,841.8777839370778,842.0899945979545,842.3022533057813,842.5145436925324,842.7268491592149,842.9391537599956,843.1514415445539,843.3636959875671,843.5759021871048,843.7880449111652,844.0001084089495,844.2120791632626,844.4239420387754,844.6356826400404,844.8472861738356,845.0587394360668,845.2700282940757,845.4811392948291,845.6920586318106,845.9027733641459,846.1132708292935,846.323538225139,846.5335635084181,846.7433324815051,846.9528344923273,847.162056810162,847.3709876731148,847.5796154011922,847.787928544974,847.9959158232894,848.2035660987812,848.4108679267416,848.6178113363912,848.824385347521,849.030579100166,849.2363825061028,849.4417844201648,849.6467779501194,849.8513496697809,850.0554922870846,850.2591949296929,850.4624486991237,850.6652442724059,850.8675717523618,851.0694252333523,851.27079276774,851.4716668175689,851.6720389065988,851.8719007031476,852.0712440083702,852.2700607826717,852.4683430038066,852.666083172314,852.8632733714641,853.0599061280789,853.2559743170505,853.4514704698682
CLINE_0_y,475.38960676159115,475.36111992667827,475.33185276812543,475.3017991064981,475.2709531172846,475.23930910310617,475.2068614359199,475.17360488485434,475.13953404481543,475.10464447196676,475.06893115005744,475.0323896243041,474.9950161507379,474.9568062109114,474.9177565180121,474.87786304211113,474.83712260929633,474.7955320419163,474.7530883711944,474.7097888337755,474.6656308699487,474.62061191595626,474.5747301054907,474.52798340877484,474.48036997475396,474.43188827741193,474.3825366740722,474.33231418774324,474.28121960729754,474.2292519965501,474.17641082184815,474.12269539347835,474.0681056297106,474.0126410168845,473.9563016105634,473.89908776079426,473.8409994545475,473.78203729932216,473.7222019123094,473.6614940648286,473.5999146814702,473.5374653192866,473.47414613543737,473.409959245269,473.3449060252959,473.27898813918364,473.212207288175,473.14456545694526,473.0760646327861,473.006707010125,472.93649518202756,472.8654314128065,472.79351827249525,472.7207587102119,472.6471551049416,472.5727105821466,472.4974282054574,472.4213113743211,472.3443631065535,472.26658693845945,472.18798634356324,472.1085651108459,472.0283268867823,471.9472753856985,471.8654145487245,471.7827481925316,471.69928115976796,471.61501706193206,471.52996050276363,471.44411586573625,471.3574876645405,471.27008047985936,471.18189898215246,471.09294793974243,471.00323241315334,470.91275698045655,470.8215268081109,470.72954716814183,470.6368231417615,470.54336043956056,470.44916297456916,470.3542377973659,470.2585892805678,470.16222359898643,470.06514614663155,469.96736265495116,469.86887927692555,469.76970034765117,469.6698332928852,469.5692835136307,469.46805699968905,469.36615979793925,469.26359801622164,469.1603778076483,469.0565054427292,468.95198704180507,468.8468290674376,468.74103787026775,468.63461973174617,468.52758123725744
CLINE_1_x,394.0510241668383,394.27350046843253,394.50258985049976,394.7383363032646,394.98078485200756,395.2299765415528,395.48594749419146,395.74873591773684,396.0183704132139,396.2948929968262,396.578328290668,396.8687063997284,397.16606513982214,397.4704221395813,397.7818125149635,398.1002524363223,398.4257684081943,398.7583816582176,399.09811206706763,399.4449781513053,399.7989970767603,400.160181370949,400.5285502940416,400.9041158836678,401.2868886806545,401.6768799911382,402.0740952202685,402.4785456936778,402.89023521246344,403.3091677749764,403.73534929831544,404.16877973725525,404.60946383667664,405.0573968309318,405.512578276654,405.9750081353205,406.44467827289384,406.9215854124809,407.40572314812135,407.897083894624,408.3956589196973,408.90144411132076,409.4144156691217,409.9345704442516,410.46189358788297,410.996370903187,411.53798598394474,412.08672303641174,412.64256375635705,413.20548965583055,413.775484070513,414.35252441717506,414.9365890847762,415.5276580891911,416.1257034187922,416.7307025592919,417.34263021800217,417.9614623084256,418.58716902060837,419.21972361543806,419.8590968174374,420.50526041146117,421.1581830169324,421.8178321411488,422.4841756264339,423.1571785598771,423.83681327847654,424.5230398067912,425.21582516774583,425.9151329350717,426.6209262799489,427.33316747047206,428.0518180906589,428.7768391287729,429.50819249316027,430.24583504740497,430.98972694946843,431.7398278482584,432.4960947346833,433.2584880018183,434.02695396992345,434.80146037426624,435.5819547445817,436.3683962631167,437.1607376114839,437.9589328013106,438.76293761855885,439.5726950573395,440.3881673697623,441.2093026872235,442.0360521120671,442.8683662648622,443.7061953276286,444.54948896844155,445.39819678451755,446.2522667587747,447.11164814701584,447.976288844132,448.8461357048094,449.7211366240656
CLINE_1_y,540.4214925368061,541.8094520136594,543.2055505163712,544.6095539208288,546.0212254986182,547.4403375019598,548.8666733358766,550.300011178834,551.740151240677,553.1868618847114,554.6399516602721,556.0992157494275,557.5644305359793,559.0354192558619,560.5119632246251,561.9938877677532,563.4809930278683,564.9730908313161,566.4699953803599,567.971523271589,569.4774934438562,570.987735070878,572.502060216326,574.0202973205942,575.5422774883612,577.0678289819981,578.5967934084852,580.1289969435813,581.6642830725314,583.2024938018061,584.7434653472984,586.2870475478222,587.8330773040043,589.3814140343043,590.9319053728028,592.4843967825893,594.0387529472839,595.5948252737713,597.152471932866,598.7115529819556,600.2719302939732,601.8334527106385,603.3960186307621,604.9594722301235,606.523686694043,608.0885324490902,609.6538846150337,611.2196156245868,612.785603441415,614.3517254550286,615.9178530573496,617.4838723613665,619.0496658632923,620.615110546913,622.1801041745022,623.7445285589653,625.3082720411675,626.8712185498586,628.4332668691893,629.994306266834,631.5542320913903,633.1129356799341,634.6703163373049,636.2262756350553,637.7807132642554,639.3335359876645,640.8846284337327,642.4339102488564,643.9812797063078,645.5266443091971,647.0699118854036,648.6109921035325,650.1497958496761,651.6862349813845,653.2202176381314,654.7516667474832,656.2804942741046,657.8066128697775,659.3299427570902,660.8503924599711,662.3679151312126,663.8823940314551,665.3937771793335,666.9019738712041,668.4069140289839,669.9085225241191,671.4067174227959,672.9014598927425,674.3926446064442,675.8802138983809,677.3640993690906,678.8442337167169,680.3205506130328,681.7929850050059,683.2614715251112,684.7259501949815,686.1863558297628,687.6426277467921,689.0947087482944,690.5425372183274
AS_Point_x,1633.640724946695,1633.640724946695,1633.640724946695,1633.640724946695,1633.640724946695,1633.640724946695,1633.640724946695,1633.640724946695,1633.640724946695,1633.640724946695,1633.640724946695,1633.640724946695,1633.640724946695,1633.640724946695,1633.640724946695,1633.640724946695,1633.640724946695,1633.640724946695,1633.640724946695,1633.640724946695,1633.640724946695,1633.640724946695,1633.640724946695,1633.640724946695,1633.640724946695,1633.640724946695,1633.640724946695,1633.640724946695,1633.640724946695,1633.640724946695,1633.640724946695,1633.640724946695,1633.640724946695,1633.640724946695,1633.640724946695,1633.640724946695,1633.640724946695,1633.640724946695,1633.640724946695,1633.640724946695,1633.640724946695,1633.640724946695,1633.640724946695,1633.640724946695,1633.640724946695,1633.640724946695,1633.640724946695,1633.640724946695,1633.640724946695,1633.640724946695,1633.640724946695,1633.640724946695,1633.640724946695,1633.640724946695,1633.640724946695,1633.640724946695,1633.640724946695,1633.640724946695,1633.640724946695,1633.640724946695,1633.640724946695,1633.640724946695,1633.640724946695,1633.640724946695,1633.640724946695,1633.640724946695,1633.640724946695,1633.640724946695,1633.640724946695,1633.640724946695,1633.640724946695,1633.640724946695,1633.640724946695,1633.640724946695,1633.640724946695,1633.640724946695,1633.640724946695,1633.640724946695,1633.640724946695,1633.640724946695,1633.640724946695,1633.640724946695,1633.640724946695,1633.640724946695,1633.640724946695,1633.640724946695,1633.640724946695,1633.640724946695,1633.640724946695,1633.640724946695,1633.640724946695,1633.640724946695,1633.640724946695,1633.640724946695,1633.640724946695,1633.640724946695,1633.640724946695,1633.640724946695,1633.640724946695,1633.640724946695
AS_Point_y,1139.2532716888848,1133.1700363591776,1127.1343637369337,1121.1443605819095,1115.198271538155,1109.294438458258,1103.431285792023,1097.6073574261534,1091.8212350112576,1086.0716789147286,1080.3574248150921,1074.6773248410489,1069.0303576921046,1063.415443063569,1057.8316817571413,1052.2781147062333,1046.7539100819142,1041.258258071919,1035.7903933166572,1030.3495918474962,1024.935168432121,1019.546452102988,1014.1828594923757,1008.8437998106815,1003.5287107169238,998.2370716226627,992.9683569964915,987.7221144117955,982.4978722004249,977.2951900358437,972.1136694711715,966.9528988440621,961.8125256171367,956.6921570448168,951.5914540772984,946.5101036972103,941.4477588129812,936.4041272482061,931.3789154649664,926.3718412631135,921.3826332297458,916.4110709753055,911.4568118677669,906.5196766234316,901.5994191616071,896.6958136605657,891.8086335045444,886.9376710932808,882.0827147633516,877.2435651330381,872.4200495433493,867.6119647840098,862.8191270739118,858.0413768529553,853.2785064137992,848.5303602125014,843.7967729622112,839.0775992773976,834.372660721086,829.6818121748192,825.0048989451299,820.341784080638,815.6923154488508,811.0563410939225,806.4337203259458,801.824299128168,797.2279894719858,792.6446135422952,788.074057075323,783.5161858884252,778.9708699544011,774.4379791229716,769.9173846654159,765.4089597975837,760.9125922663117,756.4281339886373,751.9554708176358,747.4944907848391,743.0450653148526,738.6071013689398,734.1803886077624,729.7649097797022,725.3604755513885,720.9670049465402,716.584364361825,712.2124370722559,707.8511278958597,703.5002278092861,699.1597109640893,694.8294251327516,690.5092499284515,686.1990646485026,681.898748529906,677.608179852073,673.327240175351,669.0557987779496,664.7937413537095,660.5409435775059,656.2972737814209,652.0626143747679
Tyre_Contact_x,378.640724946695,378.53386105843504,378.43177386712745,378.3345633568318,378.2423309466393,378.15517198026134,378.0731743407552,377.996428970939,377.92501237585503,377.8590211016645,377.7985256310452,377.74360463861484,377.69434830748474,377.6508166499486,377.6130958136347,377.58124366826405,377.5553335408452,377.53543091186816,377.5215992914879,377.5139002007043,377.51239319766415,377.5171309858156,377.5281763613707,377.5455814239547,377.5693961157248,377.5996715930994,377.63645030614515,377.6797835995969,377.72971170272723,377.78627522687657,377.84951772780846,377.91947398206736,377.99618598656735,378.07968168553276,378.1699955506154,378.2671627541062,378.3712065250928,378.4821574185001,378.6000414355685,378.72488292480114,378.85670462997075,378.99553627439366,379.1413783804299,379.29426230896007,379.45420210889347,379.62121290065795,379.7953066146881,379.9764961937486,380.16479093935374,380.36019997706813,380.56273525154177,380.7723999780652,380.98919891554465,381.2131393479529,381.444216664901,381.6824345546858,381.9277926463068,382.1802924635879,382.4399270557679,382.7066941504752,382.98058776239276,383.261603578493,383.54973262169955,383.8449643209556,384.1472886818608,384.45669164104555,384.7731701147209,385.09670256852837,385.4272780650737,385.7648805405158,386.10949338667285,386.46109869310516,386.8196775740189,387.18521029889354,387.5576785893824,387.9370565706822,388.3233234099126,388.716457556969,389.11643346769506,389.52323082990097,389.9368078958181,390.35715564439494,390.7842342295353,391.21802165589446,391.65848601031496,392.105597444539,392.55932887872024,393.01963353093015,393.4864943372677,393.95987247898944,394.4397337326762,394.9260431428713,395.4187650856002,395.91786314724476,396.4233008132943,396.93503904988336,397.4530408184159,397.97726695149805,398.5076766389458,399.0442307054116
Tyre_Contact_y,68.08674508905216,69.52402154469644,70.9707879381034,72.42682084312162,73.89189361484762,75.36578836891852,76.84829825373777,78.33921050355963,79.83833468563665,81.34544685653304,82.86036424981751,84.38288975976889,85.91280625182236,87.44994478433904,88.9940923630644,90.5450812901762,92.10271720303683,93.66681742920571,95.23720131055177,96.81369022763971,98.39610755074546,99.98428689201404,101.57804354610596,103.17720946740599,104.78161896517582,106.39110294365639,108.00550585366204,109.62465556233934,111.2483976516611,112.8765757488406,114.50902699364082,116.14560241892127,117.78613906680141,119.4304972450002,121.07852449140614,122.73006566309988,124.38498546625885,126.04313425605318,127.70436913480376,129.3685488245743,131.03553359762918,132.70516960008717,134.37735495868105,136.05193018706063,137.7287660874964,139.40773020638733,141.08869471827597,142.77152861996638,144.456106434685,146.14230175290493,147.82998147738147,149.51902780107935,151.20931877091834,152.90072626511255,154.59314392738827,156.2864481597885,157.98052199935978,159.6752434896614,161.3705061903404,163.06619324694987,164.76219399465253,166.45839321096435,168.15468388787463,169.85096116662032,171.54711791530815,173.2430542892006,174.93864653305718,176.6338080409763,178.3284291161441,180.0224096729131,181.7156497249715,183.4080510107542,185.09951633076037,186.78994928752434,188.4792492596398,190.16733124902373,191.8540982760644,193.5394538655073,195.22330944324472,196.90556364691656,198.5861628549984,200.26497812202842,201.94194989667903,203.61697678534972,205.28997937173915,206.9608726048965,208.62956389884494,210.2960069163072,211.96008347414897,213.62172655652603,215.2808573943115,216.93739821717168,218.59127212286398,220.24240340596498,221.89071584331748,223.53613886089784,225.1785960857361,226.81801584081222,228.45433005377822,230.08746570794244
AntiSquatPercent,97.37877514543933,96.8257537518296,96.2770562407165,95.73251049935068,95.19195694991845,94.65524485174598,94.12223097299734,93.59278293973648,93.06677181110959,92.54408489324332,92.02460724782182,91.5082345229088,90.99487387300478,90.48442708859244,89.97681242437174,89.47194269247102,88.96974227207838,88.470137543897,87.97305892978228,87.47844061440401,86.98622030391535,86.4963370012669,86.00873767302942,85.52336861105722,85.04017869344288,84.5591205939646,84.08014653703994,83.60321539297667,83.12828428285206,82.65531317698105,82.18426585291995,81.71510488681908,81.24779822982586,80.78231017779677,80.31860990802238,79.85666896437802,79.39645579308447,78.93794383265038,78.4811063978104,78.02591783400558,77.57235346733579,77.12039326238667,76.67000607079225,76.22117559403449,75.77387946114136,75.32809714286486,74.88380803777203,74.44099327311169,73.99963360675449,73.55971091308963,73.12120949584519,72.6841108813598,72.24839836225996,71.8140574330821,71.38106921134063,70.94941955667721,70.51909344301447,70.09007765348593,69.66235596654855,69.2359151896152,68.81074125964342,68.3868217265078,67.96414275998168,67.5426905458973,67.12245229426307,66.70341400355598,66.28556767117578,65.86889713211302,65.4533919987519,65.03904007267028,64.62582953321355,64.21374854853812,63.80278541603306,63.392928609866516,62.984167925205405,62.57648989996228,62.169884157143976,61.7643405177988,61.35984729325459,60.956396025444334,60.55396759261002,60.15256042642272,59.752157314757845,59.35275089613528,58.95432902479754,58.55688108938216,58.160398436982504,57.76486206547582,57.37026962500338,56.97660727669995,56.583864076309034,56.19202905085914,55.80109122189582,55.411039523910986,55.02186318966352,54.63355033535432,54.24609056951431,53.859472589859436,53.473684426578984,53.08871538961053
