ground2_x,990.4955489614243,990.4955489614243,990.4955489614243,990.4955489614243,990.4955489614243,990.4955489614243,990.4955489614243,990.4955489614243,990.4955489614243,990.4955489614243,990.4955489614243,990.4955489614243,990.4955489614243,990.4955489614243,990.4955489614243,990.4955489614243,990.4955489614243,990.4955489614243,990.4955489614243,990.4955489614243,990.4955489614243,990.4955489614243,990.4955489614243,990.4955489614243,990.4955489614243,990.4955489614243,990.4955489614243,990.4955489614243,990.4955489614243,990.4955489614243,990.4955489614243,990.4955489614243,990.4955489614243,990.4955489614243,990.4955489614243,990.4955489614243,990.4955489614243,990.4955489614243,990.4955489614243,990.4955489614243,990.4955489614243,990.4955489614243,990.4955489614243,990.4955489614243,990.4955489614243,990.4955489614243,990.4955489614243,990.4955489614243,990.4955489614243,990.4955489614243,990.4955489614243,990.4955489614243,990.4955489614243,990.4955489614243,990.4955489614243,990.4955489614243,990.4955489614243,990.4955489614243,990.4955489614243,990.4955489614243,990.4955489614243,990.4955489614243,990.4955489614243,990.4955489614243,990.4955489614243,990.4955489614243,990.4955489614243,990.4955489614243,990.4955489614243,990.4955489614243,990.4955489614243,990.4955489614243,990.4955489614243,990.4955489614243,990.4955489614243,990.4955489614243,990.4955489614243,990.4955489614243,990.4955489614243,990.4955489614243,990.4955489614243,990.4955489614243,990.4955489614243,990.4955489614243,990.4955489614243,990.4955489614243,990.4955489614243,990.4955489614243,990.4955489614243,990.4955489614243,990.4955489614243,990.4955489614243,990.4955489614243,990.4955489614243,990.4955489614243,990.4955489614243,990.4955489614243,990.4955489614243,990.4955489614243,990.4955489614243
ground2_y,666.5722773958973,666.5722773958973,666.5722773958973,666.5722773958973,666.5722773958973,666.5722773958973,666.5722773958973,666.5722773958973,666.5722773958973,666.5722773958973,666.5722773958973,666.5722773958973,666.5722773958973,666.5722773958973,666.5722773958973,666.5722773958973,666.5722773958973,666.5722773958973,666.5722773958973,666.5722773958973,666.5722773958973,666.5722773958973,666.5722773958973,666.5722773958973,666.5722773958973,666.5722773958973,666.5722773958973,666.5722773958973,666.5722773958973,666.5722773958973,666.5722773958973,666.5722773958973,666.5722773958973,666.5722773958973,666.5722773958973,666.5722773958973,666.5722773958973,666.5722773958973,666.5722773958973,666.5722773958973,666.5722773958973,666.5722773958973,666.5722773958973,666.5722773958973,666.5722773958973,666.5722773958973,666.5722773958973,666.5722773958973,666.5722773958973,666.5722773958973,666.5722773958973,666.5722773958973,666.5722773958973,666.5722773958973,666.5722773958973,666.5722773958973,666.5722773958973,666.5722773958973,666.5722773958973,666.5722773958973,666.5722773958973,666.5722773958973,666.5722773958973,666.5722773958973,666.5722773958973,666.5722773958973,666.5722773958973,666.5722773958973,666.5722773958973,666.5722773958973,666.5722773958973,666.5722773958973,666.5722773958973,666.5722773958973,666.5722773958973,666.5722773958973,666.5722773958973,666.5722773958973,666.5722773958973,666.5722773958973,666.5722773958973,666.5722773958973,666.5722773958973,666.5722773958973,666.5722773958973,666.5722773958973,666.5722773958973,666.5722773958973,666.5722773958973,666.5722773958973,666.5722773958973,666.5722773958973,666.5722773958973,666.5722773958973,666.5722773958973,666.5722773958973,666.5722773958973,666.5722773958973,666.5722773958973,666.5722773958973
linkage2_x,985.0029673590507,985.1714150789212,985.3399558231298,985.508586646899,985.6773046038767,985.8461067461891,986.0149901244911,986.1839517880184,986.3529887846388,986.522098160904,986.6912769621007,986.8605222323031,987.0298310144237,987.1992003502654,987.3686272805732,987.5381088450855,987.7076420825864,987.8772240309572,988.0468517272278,988.216522207629,988.3862325076442,988.5559796620606,988.7257607050221,988.89557267008,989.0654125902455,989.2352774980412,989.4051644255536,989.5750704044839,989.7449924662008,989.9149276417916,990.0848729621149,990.2548254578519,990.4247821595584,990.5947400977167,990.7646963027876,990.9346478052619,991.1045916357128,991.2745248248477,991.4444444035596,991.6143474029794,991.7842308545279,991.9540917899672,992.1239272414525,992.2937342415852,992.4635098234629,992.6332510207325,992.8029548676418,992.972618399091,993.1422386506846,993.3118126587835,993.4813374605567,993.6508100940326,993.8202275981513,993.9895870128161,994.1588853789452,994.3281197385236,994.4972871346544,994.6663846116107,994.8354092148878,995.0043579912534,995.1732279888008,995.3420162569992,995.5107198467462,995.6793358104186,995.8478612019244,996.0162930767542,996.1846284920322,996.3528645065683,996.520998180909,996.6890265773889,996.8569467601819,997.0247557953531,997.1924507509091,997.3600286968499,997.52748670522,997.6948218501592,997.8620312079545,998.02911185709,998.1960608782994,998.3628753546154,998.5295523714223,998.6960890165053,998.8624823801031,999.0287295549571,999.1948276363632,999.3607737222225,999.5265649130915,999.6921983122331,999.8576710256674,1000.0229801622216,1000.1881228335816,1000.3530961543411,1000.5178972420531,1000.6825232172799,1000.8469712036434,1001.0112383278753,1001.1753217198673,1001.3392185127213,1001.5029258427998,1001.6664408497751
linkage2_y,626.2849419488924,626.2623350927953,626.2404325401186,626.2192346735482,626.1987418634574,626.1789544679007,626.1598728326074,626.141497290976,626.1238281640672,626.1068657605998,626.0906103769443,626.0750622971179,626.06022179278,626.0460891232267,626.032664535387,626.0199482638178,626.0079405307006,625.9966415458367,625.9860515066443,625.9761705981548,625.9669989930093,625.958536851456,625.9507843213471,625.9437415381364,625.9374086248768,625.9317856922182,625.9268728384056,625.9226701492776,625.9191776982641,625.9163955463861,625.9143237422538,625.9129623220664,625.9123113096106,625.9123707162613,625.9131405409803,625.9146207703172,625.9168113784093,625.9197123269815,625.923323565348,625.9276450304127,625.9326766466697,625.9384183262059,625.9448699687015,625.9520314614321,625.9599026792704,625.9684834846892,625.9777737277628,625.9877732461703,625.9984818651981,626.0098993977429,626.0220256443154,626.0348603930432,626.0484034196753,626.0626544875851,626.0776133477749,626.0932797388807,626.1096533871761,626.1267340065773,626.1445212986484,626.1630149526064,626.1822146453262,626.202120041347,626.2227307928777,626.2440465398031,626.2660669096903,626.2887915177948,626.3122199670678,626.3363518481626,626.3611867394424,626.3867242069865,626.4129638045996,626.4399050738178,626.4675475439182,626.4958907319257,626.5249341426226,626.5546772685564,626.5851195900493,626.6162605752071,626.648099679928,626.6806363479129,626.7138700106747,626.7478000875478,626.7824259856994,626.8177471001387,626.8537628137282,626.890472497194,626.927875509137,626.9659711960445,627.0047588923009,627.0442379201997,627.0844075899556,627.1252671997157,627.166816035573,627.2090533715777,627.2519784697507,627.295590580096,627.339888940614,627.3848727773147,627.4305413042317,627.4768937234353
linkage1_x,895.2908011869439,895.4625415358112,895.6405705359764,895.8243504210762,896.0133996219604,896.2072871271781,896.4056220614245,896.6080490325611,896.8142463345016,897.023918318188,897.2367907766156,897.4526138986296,897.6711556047154,897.8922011775993,898.1155493625829,898.3410162308245,898.5684283035423,898.7976186995309,899.0284393712842,899.2607458017679,899.4944046410404,899.7292874627201,899.965274898108,900.2022562410998,900.4401259575457,900.6787815263078,900.9181284651202,901.1580774346615,901.3985444603703,901.6394444825074,901.8807057761446,902.1222516968456,902.3640157495163,902.6059311156523,902.8479343124733,903.0899680597522,903.3319741330422,903.5738984690131,903.8156911966676,904.0573018280587,904.2986855654618,904.5397973027457,904.7805945651446,905.0210360859232,905.261087521546,905.500708271283,905.7398664525042,905.978526695279,906.2166570429308,906.4542304309662,906.6912156844052,906.9275866566886,907.1633182842229,907.3983827282026,907.6327608935126,907.8664258331823,908.0993590379105,908.3315398891017,908.5629482951005,908.7935668264411,909.0233772292974,909.2523644057992,909.4805113662087,909.7078045643858,909.9342296157067,910.1597736122126,910.3844227610181,910.6081654386003,910.8309919569122,911.052890390664,911.273850127778,911.493864948744,911.7129227489869,911.9310166826681,912.1481392724621,912.3642831307828,912.5794419760994,912.7936085889494,913.0067774714057,913.2189435667501,913.430101501462,913.6402473643765,913.8493760882451,914.0574847738238,914.2645692838485,914.4706274259006,914.6756542717011,914.8796507167651,915.082611944238,915.2845366815104,915.4854233606884,915.6852708266088,915.8840778563464,916.0818434623936,916.2785674733606,916.4742490641713,916.6688883808831,916.8624852843404,917.0550400842536,917.2465529245652
linkage1_y,626.2849419488928,627.0309487265552,627.7547107175043,628.4576564127497,629.1410033551639,629.8059058877726,630.4533463249629,631.0842095865246,631.6993424667749,632.2994875101141,632.8852892201686,633.457384878064,634.0163444862843,634.5626998378898,635.0969263065881,635.6195018187831,636.1308514828713,636.6313335154714,637.121356662718,637.6012556869681,638.071365883755,638.5319815749723,638.9833941372005,639.4258919645517,639.8597406336851,640.2851748564564,640.7024346290334,641.1117489056109,641.5133395559853,641.9073877697173,642.294117706804,642.6736962425273,643.0463178045228,643.41214937799,643.7713521096153,644.12409631742,644.4705273410292,644.8107921289937,645.1450396879346,645.4733997992355,645.7960128409367,646.1130032932634,646.4244938980488,646.730600130193,647.0314546859415,647.3271527622227,647.6178151997573,647.9035385287347,648.1844238430688,648.460582434783,648.7321009716339,648.9990776870902,649.261607150511,649.5197664119469,649.7736581827915,650.0233496575162,650.2689327613954,650.5104856873984,650.7480829541378,650.9818031186069,651.211716706034,651.4379002636996,651.6604191329561,651.8793459237406,652.0947460659955,652.3066858354848,652.5152246765921,652.720425472895,652.9223537436062,653.121064264306,653.3166128154738,653.509065945133,653.6984684218521,653.8848787667633,654.0683506200338,654.2489351779625,654.4266844383541,654.6016450092022,654.7738663701297,654.9433969879324,655.1102821242307,655.2745692726429,655.4363003816857,655.5955218514365,655.7522744616798,655.9066028574051,656.058541869838,656.2081415952842,656.3554337913872,656.5004589228678,656.6432550183728,656.7838597752968,656.9223092339604,657.058638700404,657.1928844313877,657.3250795121459,657.4552584986241,657.5834539087631,657.7096983301998,657.8340227376668
ground3_x,944.7240356083083,944.7240356083083,944.7240356083083,944.7240356083083,944.7240356083083,944.7240356083083,944.7240356083083,944.7240356083083,944.7240356083083,944.7240356083083,944.7240356083083,944.7240356083083,944.7240356083083,944.7240356083083,944.7240356083083,944.7240356083083,944.7240356083083,944.7240356083083,944.7240356083083,944.7240356083083,944.7240356083083,944.7240356083083,944.7240356083083,944.7240356083083,944.7240356083083,944.7240356083083,944.7240356083083,944.7240356083083,944.7240356083083,944.7240356083083,944.7240356083083,944.7240356083083,944.7240356083083,944.7240356083083,944.7240356083083,944.7240356083083,944.7240356083083,944.7240356083083,944.7240356083083,944.7240356083083,944.7240356083083,944.7240356083083,944.7240356083083,944.7240356083083,944.7240356083083,944.7240356083083,944.7240356083083,944.7240356083083,944.7240356083083,944.7240356083083,944.7240356083083,944.7240356083083,944.7240356083083,944.7240356083083,944.7240356083083,944.7240356083083,944.7240356083083,944.7240356083083,944.7240356083083,944.7240356083083,944.7240356083083,944.7240356083083,944.7240356083083,944.7240356083083,944.7240356083083,944.7240356083083,944.7240356083083,944.7240356083083,944.7240356083083,944.7240356083083,944.7240356083083,944.7240356083083,944.7240356083083,944.7240356083083,944.7240356083083,944.7240356083083,944.7240356083083,944.7240356083083,944.7240356083083,944.7240356083083,944.7240356083083,944.7240356083083,944.7240356083083,944.7240356083083,944.7240356083083,944.7240356083083,944.7240356083083,944.7240356083083,944.7240356083083,944.7240356083083,944.7240356083083,944.7240356083083,944.7240356083083,944.7240356083083,944.7240356083083,944.7240356083083,944.7240356083083,944.7240356083083,944.7240356083083,944.7240356083083
ground3_y,615.2974868269825,615.2974868269825,615.2974868269825,615.2974868269825,615.2974868269825,615.2974868269825,615.2974868269825,615.2974868269825,615.2974868269825,615.2974868269825,615.2974868269825,615.2974868269825,615.2974868269825,615.2974868269825,615.2974868269825,615.2974868269825,615.2974868269825,615.2974868269825,615.2974868269825,615.2974868269825,615.2974868269825,615.2974868269825,615.2974868269825,615.2974868269825,615.2974868269825,615.2974868269825,615.2974868269825,615.2974868269825,615.2974868269825,615.2974868269825,615.2974868269825,615.2974868269825,615.2974868269825,615.2974868269825,615.2974868269825,615.2974868269825,615.2974868269825,615.2974868269825,615.2974868269825,615.2974868269825,615.2974868269825,615.2974868269825,615.2974868269825,615.2974868269825,615.2974868269825,615.2974868269825,615.2974868269825,615.2974868269825,615.2974868269825,615.2974868269825,615.2974868269825,615.2974868269825,615.2974868269825,615.2974868269825,615.2974868269825,615.2974868269825,615.2974868269825,615.2974868269825,615.2974868269825,615.2974868269825,615.2974868269825,615.2974868269825,615.2974868269825,615.2974868269825,615.2974868269825,615.2974868269825,615.2974868269825,615.2974868269825,615.2974868269825,615.2974868269825,615.2974868269825,615.2974868269825,615.2974868269825,615.2974868269825,615.2974868269825,615.2974868269825,615.2974868269825,615.2974868269825,615.2974868269825,615.2974868269825,615.2974868269825,615.2974868269825,615.2974868269825,615.2974868269825,615.2974868269825,615.2974868269825,615.2974868269825,615.2974868269825,615.2974868269825,615.2974868269825,615.2974868269825,615.2974868269825,615.2974868269825,615.2974868269825,615.2974868269825,615.2974868269825,615.2974868269825,615.2974868269825,615.2974868269825,615.2974868269825
lower_shock_x,986.8338278931755,986.833826907713,986.833826452806,986.8338235997531,986.8338259767398,986.8338252491844,986.8338248277239,986.8338285120019,986.8338284808084,986.8338242385569,986.8338242502322,986.8338243600587,986.8338251826146,986.8338245471269,986.8338283788942,986.8338285444809,986.8338247415398,986.833828534604,986.8338281714524,986.8338280123436,986.8338258717506,986.8338251013023,986.8338280658932,986.8338289584543,986.833826674479,986.8338268038175,986.8338273380301,986.8338286162392,986.8338253043847,986.8338280033624,986.8338261731684,986.8338278705579,986.8338278858295,986.8338266626466,986.8338275361557,986.8338264676959,986.8338260150072,986.8338265508659,986.8338259943653,986.8338272734035,986.8338263083875,986.833825946533,986.8338264178525,986.8338275456839,986.8338269393489,986.833827327222,986.8338258624686,986.8338258885508,986.8338278968442,986.8338274276879,986.8338274361798,986.8338275569785,986.8338266974642,986.8338275830217,986.8338261081302,986.8338269789065,986.8338270828878,986.8338261029041,986.8338264403252,986.8338263742115,986.833827105646,986.8338269120865,986.833827853999,986.8338278077474,986.8338275624131,986.8338262889121,986.8338262505514,986.8338272899563,986.8338262464797,986.8338263310509,986.8338277842483,986.8338264617292,986.8338266196885,986.8338273472143,986.833827312563,986.8338274182914,986.8338266960238,986.8338264508251,986.8338264997327,986.8338264901247,986.8338265643049,986.8338265922497,986.833827332093,986.833826960315,986.8338272388459,986.8338265785624,986.8338277083515,986.8338267413326,986.8338266226998,986.8338266036011,986.8338267623509,986.8338266558891,986.8338266382193,986.8338266294669,986.8338267405,986.8338267836174,986.8338267096517,986.8338266992073,986.8338267008461,986.8338273930192
lower_shock_y,791.0967687775486,791.0967685175715,791.0967685268992,791.0967695233221,791.0967682699237,791.0967692895099,791.0967698715527,791.0967688973155,791.0967687038475,791.0967697378894,791.0967697249855,791.0967698302942,791.0967703323652,791.0967687693536,791.0967688706879,791.0967688982176,791.0967697906386,791.096768967628,791.0967687794446,791.096768795822,791.0967702366232,791.0967692128166,791.0967697373791,791.0967694395842,791.0967692390482,791.0967693544454,791.0967685691581,791.0967700528208,791.09676987963,791.0967686787276,791.0967689104111,791.09676872389,791.0967699851931,791.0967694416624,791.0967687522237,791.096769492883,791.096769722091,791.0967692950529,791.0967698416364,791.096770007684,791.0967696229294,791.0967699363745,791.0967703565375,791.0967675050133,791.0967699919692,791.0967692068352,791.0967699710382,791.0967699698581,791.096768703755,791.0967691931015,791.0967679429426,791.0967675762229,791.0967692193954,791.0967676722844,791.0967699883963,791.096769423341,791.0967697764091,791.0967697388085,791.0967696372982,791.0967697796372,791.0967691235953,791.0967692792094,791.0967688974135,791.0967689155968,791.096769186249,791.0967697539512,791.0967697571398,791.0967695492658,791.096769726555,791.0967699648279,791.0967688684217,791.0967699580609,791.0967693005608,791.0967692407916,791.0967691399552,791.096769328208,791.0967699673525,791.0967699546285,791.0967698129981,791.0967699531695,791.0967695647264,791.0967699803848,791.0967698239053,791.096769699273,791.0967694704794,791.0967699653003,791.0967685645509,791.0967697425796,791.0967699348618,791.0967699334461,791.0967698896552,791.096769900585,791.0967699276805,791.0967696026473,791.0967699334892,791.0967698315726,791.096769921458,791.0967699191951,791.0967699153002,791.0967697063585
ss_link_x,924.5845697329376,924.5845687474751,924.5845682925681,924.5845654395152,924.5845678165019,924.5845670889465,924.584566667486,924.584570351764,924.5845703205705,924.584566078319,924.5845660899943,924.5845661998208,924.5845670223767,924.584566386889,924.5845702186563,924.584570384243,924.5845665813019,924.5845703743661,924.5845700112145,924.5845698521057,924.5845677115127,924.5845669410644,924.5845699056553,924.5845707982164,924.5845685142411,924.5845686435796,924.5845691777922,924.5845704560013,924.5845671441468,924.5845698431245,924.5845680129305,924.58456971032,924.5845697255916,924.5845685024087,924.5845693759178,924.584568307458,924.5845678547693,924.584568390628,924.5845678341274,924.5845691131656,924.5845681481496,924.5845677862951,924.5845682576146,924.584569385446,924.584568779111,924.5845691669841,924.5845677022307,924.5845677283129,924.5845697366063,924.58456926745,924.5845692759419,924.5845693967406,924.5845685372263,924.5845694227838,924.5845679478923,924.5845688186686,924.5845689226499,924.5845679426662,924.5845682800873,924.5845682139736,924.5845689454081,924.5845687518486,924.5845696937611,924.5845696475095,924.5845694021752,924.5845681286742,924.5845680903135,924.5845691297184,924.5845680862418,924.584568170813,924.5845696240104,924.5845683014913,924.5845684594506,924.5845691869764,924.5845691523251,924.5845692580535,924.5845685357859,924.5845682905872,924.5845683394948,924.5845683298868,924.584568404067,924.5845684320118,924.5845691718552,924.5845688000771,924.584569078608,924.5845684183245,924.5845695481136,924.5845685810947,924.5845684624619,924.5845684433632,924.584568602113,924.5845684956512,924.5845684779814,924.584568469229,924.584568580262,924.5845686233795,924.5845685494138,924.5845685389694,924.5845685406082,924.5845692327813
ss_link_y,765.4593734930912,765.4593732331141,765.4593732424418,765.4593742388647,765.4593729854663,765.4593740050525,765.4593745870953,765.4593736128581,765.4593734193901,765.459374453432,765.4593744405281,765.4593745458368,765.4593750479078,765.4593734848962,765.4593735862305,765.4593736137602,765.4593745061812,765.4593736831706,765.4593734949872,765.4593735113646,765.4593749521658,765.4593739283592,765.4593744529217,765.4593741551269,765.4593739545908,765.459374069988,765.4593732847007,765.4593747683634,765.4593745951726,765.4593733942702,765.4593736259537,765.4593734394326,765.4593747007357,765.459374157205,765.4593734677663,765.4593742084256,765.4593744376336,765.4593740105955,765.459374557179,765.4593747232266,765.459374338472,765.4593746519171,765.4593750720801,765.4593722205559,765.4593747075118,765.4593739223778,765.4593746865808,765.4593746854007,765.4593734192975,765.4593739086441,765.4593726584852,765.4593722917655,765.459373934938,765.459372387827,765.4593747039389,765.4593741388836,765.4593744919517,765.4593744543511,765.4593743528408,765.4593744951798,765.4593738391379,765.459373994752,765.4593736129561,765.4593736311394,765.4593739017917,765.4593744694938,765.4593744726824,765.4593742648084,765.4593744420976,765.4593746803705,765.4593735839643,765.4593746736035,765.4593740161034,765.4593739563342,765.4593738554978,765.4593740437506,765.4593746828951,765.4593746701711,765.4593745285407,765.4593746687121,765.459374280269,765.4593746959274,765.4593745394479,765.4593744148156,765.459374186022,765.4593746808429,765.4593732800935,765.4593744581222,765.4593746504044,765.4593746489887,765.4593746051978,765.4593746161275,765.4593746432231,765.4593743181899,765.4593746490318,765.4593745471152,765.4593746370006,765.4593746347377,765.4593746308428,765.4593744219011
ss_link2_x,538.2729970326411,538.4735299661977,538.7045391710313,538.9633876603111,539.2477139869427,539.5554071767872,539.8845526119142,540.2334103839199,540.6004075546523,540.9840988168223,541.3831436398509,541.7963228321817,542.2225041301448,542.6606409516656,543.109752605606,543.5689447328868,544.0373739373698,544.5142283145753,544.998790779232,545.4903603196201,545.9882915456938,546.4919627513807,547.0007972768608,547.514261540235,548.0318472504654,548.5530604922601,549.077447490479,549.6045798561436,550.1340557715532,550.6654671862582,551.1984733300192,551.7327077670925,552.2678551644799,552.8035980191115,553.3396353196206,553.8756971281689,554.4115082951448,554.94681442416,555.4813820364575,556.0149741879969,556.5473824851247,557.07839667283,557.607819562433,558.1354598308945,558.661160979691,559.1847345846411,559.7060361554559,560.2249033379325,560.7411908650874,561.2547780364223,561.7655231772915,562.2733098854474,562.778027073201,563.2795494722486,563.7777958743196,564.2726452431294,564.7640190591587,565.2518280147526,565.7359853465883,566.216417625581,566.6930471486979,567.1658120459792,567.6346407925625,568.0994791540327,568.5602685682633,569.0169578375366,569.4694912118659,569.9178238075493,570.3619204259048,570.8017345015255,571.2372260217079,571.668377059458,572.0951399305125,572.5174934100103,572.9354130210252,573.3488746755204,573.7578598012306,574.1623450368602,574.5623156435688,574.9577590499828,575.3486610326484,575.7350146862989,576.1168072261394,576.4940367443077,576.8666950434651,577.2347836795896,577.5982903745457,577.9572321513922,578.3115972028547,578.661391537362,579.0066196320906,579.3472880013603,579.6834027767081,580.0149712352365,580.3420047254563,580.6645112639205,580.9825037207188,581.2959934915666,581.6049941960398,581.9095185824068
ss_link2_y,628.1161844692109,631.9208925788556,635.6119014222841,639.196333695735,642.6802605616743,646.0694374901116,649.3687625483964,652.5826481432833,655.7153161936906,658.7704690137027,661.7513203257996,664.6610474385122,667.5024923274071,670.2783063954889,672.9908598748042,675.6425354043391,678.2354524468795,680.7713972860365,683.2524074866085,685.6801521815921,688.0563029803279,690.3823274089592,692.6596781915988,694.8897930733906,697.0739961216418,699.2134576973833,701.3093743606279,703.362887631254,705.3751036915942,707.3469262245401,709.279472665406,711.173575344814,713.030203635082,714.8501903123902,716.6343390608176,718.383499156731,720.0983955629549,721.7797612185642,723.428339274804,725.0447772110675,726.6297752070161,728.1839543333574,729.7079269999862,731.2022694551507,732.6676436104206,734.1045248231551,735.5135160177261,736.8950991825095,738.2497790110253,739.5781109286761,740.8805278752791,742.1575203298316,743.4095605527382,744.637033671311,745.8404524666539,747.0201530696024,748.1765946372836,749.3101680378085,750.4212458809147,751.5102208806506,752.5774458221223,753.6233034624953,754.648120845706,755.6522611890571,756.636052022574,757.5998251070146,758.543878252714,759.4685264004813,760.374097624951,761.2608665964424,762.1291130113407,762.979170143206,763.811262981757,764.6256849403204,765.4227051886629,766.2025807739857,766.9655727607778,767.7119154422794,768.4418574247542,769.1556423105853,769.853497796707,770.5356627131555,771.2023483496944,771.8537881672237,772.4901877135396,773.1117717922353,773.7187164425159,774.3112736468435,774.8896042334471,775.4539123640767,776.0043901239846,776.5412279885771,777.064608231124,777.5747095116612,778.0717152556958,778.5557931570601,779.0271182611389,779.4858555184878,779.9321702652888,780.3662198571767
rear_wheel_x,510.81008902077167,510.5095734151893,510.25642098916956,510.0468981982333,509.8777020240965,509.7458366726778,509.64862735375146,509.5836484590978,509.5486765586275,509.54169191787986,509.56085017530546,509.6044404865164,509.67088830158673,509.75873501772065,509.86662888947995,509.9933081321312,510.1375996156771,510.298407407176,510.47470314473196,510.66552393892766,510.86996558438426,511.0871758229038,511.3163521312728,511.5567396562361,511.80762531501944,512.0683314758046,512.3382196481356,512.6166855066922,512.9031575592128,513.1970843126977,513.4979575602254,513.8052793335762,514.118587869021,514.4374370510009,514.7614020823999,515.0900851395622,515.4230992057046,515.7600782319827,516.1006770180609,516.444559259156,516.7914120128719,517.1409307572487,517.4928259694668,517.8468191006559,518.2026572886145,518.5600783162079,518.9188498102567,519.278736337408,519.6395176070782,520.0009927230718,520.3629546329055,520.7252155327603,521.0875956499183,521.4499116166825,521.8120100317117,522.1737184531823,522.5348933764799,522.8953888246297,523.2550639179352,523.6137892795786,523.9714362443005,524.3278890039551,524.6830288275437,525.0367505723525,525.388949192719,525.7395268984133,526.0883855297448,526.4354362023757,526.7805985793318,527.123787281186,527.4649232182395,527.8039436892414,528.1407686518043,528.475337141007,528.8075879261621,529.1374617806384,529.4649047999801,529.7898615155377,530.1122837237143,530.4321261763482,530.7493439611493,531.0638984650489,531.3757484548944,531.6848613216853,531.9912014504034,532.2947410412414,532.5954440243626,532.8932954340657,533.1882616956505,533.4803224388945,533.7694572544023,534.0556481038682,534.3388776190775,534.6191301202898,534.8963936192033,535.1706546582815,535.4419039613372,535.7101320129041,535.9753316044373,536.2374956500573
rear_wheel_y,569.5164238190223,573.5585725535077,577.4840437580056,581.3000479606608,585.0127162925615,588.627877874374,592.1504779838394,595.5849696056488,598.9356255739071,602.20618422967,605.3998793204078,608.5199219085529,611.5691787148759,614.5503255363043,617.4657485257745,620.3178583462504,623.1087931460828,625.8403417312724,628.5145719636984,631.1331629357519,633.6978036779832,636.2099698150998,638.671127188823,641.0827314114716,643.44612081505,645.762472549085,648.0329968347846,650.2588488364352,652.4411497203466,654.580804995402,656.6789557913359,658.736437387558,660.754237172974,662.7331973322034,664.674131353165,666.5779051788885,668.4452521793983,670.2769169152396,672.0736575312488,673.8361302157878,675.565050821809,677.2610510287578,678.9247550454488,680.5567494870671,682.157716429648,683.7281358318879,685.2686287676805,686.7796856583954,688.2618232604683,689.7156153829476,691.1415031295604,692.5399919715185,693.9115687503593,695.256626001872,696.5756974856315,697.8691243126937,699.1373837055779,700.380879019254,701.5999945726944,702.7951377673048,703.9666730812876,705.1149988727301,706.2404531231823,707.3434144647938,708.4242230995537,709.4832246863987,710.5207282672702,711.5370624870847,712.5325711982865,713.5075401013694,714.4622610908575,715.3970858063715,716.3122470948854,717.2080538743919,718.0847889150775,718.9427221774339,719.7821286094127,720.6032541274238,721.4063609667415,722.1917063391389,722.9595303650245,723.7100859385404,724.443595963047,725.160308293986,725.8604403465756,726.544231247439,727.2118665695175,727.8636163080218,728.4996499606514,729.1201853410181,729.7254272494511,730.3155790464184,730.8908353404796,731.4513870576757,731.9974307153253,732.5291457028586,733.0467198474277,733.5503300727504,734.0401540042405,734.5163606862399
bottom_bracket_x,930.0771513353118,930.0771513353118,930.0771513353118,930.0771513353118,930.0771513353118,930.0771513353118,930.0771513353118,930.0771513353118,930.0771513353118,930.0771513353118,930.0771513353118,930.0771513353118,930.0771513353118,930.0771513353118,930.0771513353118,930.0771513353118,930.0771513353118,930.0771513353118,930.0771513353118,930.0771513353118,930.0771513353118,930.0771513353118,930.0771513353118,930.0771513353118,930.0771513353118,930.0771513353118,930.0771513353118,930.0771513353118,930.0771513353118,930.0771513353118,930.0771513353118,930.0771513353118,930.0771513353118,930.0771513353118,930.0771513353118,930.0771513353118,930.0771513353118,930.0771513353118,930.0771513353118,930.0771513353118,930.0771513353118,930.0771513353118,930.0771513353118,930.0771513353118,930.0771513353118,930.0771513353118,930.0771513353118,930.0771513353118,930.0771513353118,930.0771513353118,930.0771513353118,930.0771513353118,930.0771513353118,930.0771513353118,930.0771513353118,930.0771513353118,930.0771513353118,930.0771513353118,930.0771513353118,930.0771513353118,930.0771513353118,930.0771513353118,930.0771513353118,930.0771513353118,930.0771513353118,930.0771513353118,930.0771513353118,930.0771513353118,930.0771513353118,930.0771513353118,930.0771513353118,930.0771513353118,930.0771513353118,930.0771513353118,930.0771513353118,930.0771513353118,930.0771513353118,930.0771513353118,930.0771513353118,930.0771513353118,930.0771513353118,930.0771513353118,930.0771513353118,930.0771513353118,930.0771513353118,930.0771513353118,930.0771513353118,930.0771513353118,930.0771513353118,930.0771513353118,930.0771513353118,930.0771513353118,930.0771513353118,930.0771513353118,930.0771513353118,930.0771513353118,930.0771513353118,930.0771513353118,930.0771513353118,930.0771513353118
bottom_bracket_y,523.7353608110624,523.7353608110624,523.7353608110624,523.7353608110624,523.7353608110624,523.7353608110624,523.7353608110624,523.7353608110624,523.7353608110624,523.7353608110624,523.7353608110624,523.7353608110624,523.7353608110624,523.7353608110624,523.7353608110624,523.7353608110624,523.7353608110624,523.7353608110624,523.7353608110624,523.7353608110624,523.7353608110624,523.7353608110624,523.7353608110624,523.7353608110624,523.7353608110624,523.7353608110624,523.7353608110624,523.7353608110624,523.7353608110624,523.7353608110624,523.7353608110624,523.7353608110624,523.7353608110624,523.7353608110624,523.7353608110624,523.7353608110624,523.7353608110624,523.7353608110624,523.7353608110624,523.7353608110624,523.7353608110624,523.7353608110624,523.7353608110624,523.7353608110624,523.7353608110624,523.7353608110624,523.7353608110624,523.7353608110624,523.7353608110624,523.7353608110624,523.7353608110624,523.7353608110624,523.7353608110624,523.7353608110624,523.7353608110624,523.7353608110624,523.7353608110624,523.7353608110624,523.7353608110624,523.7353608110624,523.7353608110624,523.7353608110624,523.7353608110624,523.7353608110624,523.7353608110624,523.7353608110624,523.7353608110624,523.7353608110624,523.7353608110624,523.7353608110624,523.7353608110624,523.7353608110624,523.7353608110624,523.7353608110624,523.7353608110624,523.7353608110624,523.7353608110624,523.7353608110624,523.7353608110624,523.7353608110624,523.7353608110624,523.7353608110624,523.7353608110624,523.7353608110624,523.7353608110624,523.7353608110624,523.7353608110624,523.7353608110624,523.7353608110624,523.7353608110624,523.7353608110624,523.7353608110624,523.7353608110624,523.7353608110624,523.7353608110624,523.7353608110624,523.7353608110624,523.7353608110624,523.7353608110624,523.7353608110624
upper_ground_x,1160.7655786350151,1160.7655786350151,1160.7655786350151,1160.7655786350151,1160.7655786350151,1160.7655786350151,1160.7655786350151,1160.7655786350151,1160.7655786350151,1160.7655786350151,1160.7655786350151,1160.7655786350151,1160.7655786350151,1160.7655786350151,1160.7655786350151,1160.7655786350151,1160.7655786350151,1160.7655786350151,1160.7655786350151,1160.7655786350151,1160.7655786350151,1160.7655786350151,1160.7655786350151,1160.7655786350151,1160.7655786350151,1160.7655786350151,1160.7655786350151,1160.7655786350151,1160.7655786350151,1160.7655786350151,1160.7655786350151,1160.7655786350151,1160.7655786350151,1160.7655786350151,1160.7655786350151,1160.7655786350151,1160.7655786350151,1160.7655786350151,1160.7655786350151,1160.7655786350151,1160.7655786350151,1160.7655786350151,1160.7655786350151,1160.7655786350151,1160.7655786350151,1160.7655786350151,1160.7655786350151,1160.7655786350151,1160.7655786350151,1160.7655786350151,1160.7655786350151,1160.7655786350151,1160.7655786350151,1160.7655786350151,1160.7655786350151,1160.7655786350151,1160.7655786350151,1160.7655786350151,1160.7655786350151,1160.7655786350151,1160.7655786350151,1160.7655786350151,1160.7655786350151,1160.7655786350151,1160.7655786350151,1160.7655786350151,1160.7655786350151,1160.7655786350151,1160.7655786350151,1160.7655786350151,1160.7655786350151,1160.7655786350151,1160.7655786350151,1160.7655786350151,1160.7655786350151,1160.7655786350151,1160.7655786350151,1160.7655786350151,1160.7655786350151,1160.7655786350151,1160.7655786350151,1160.7655786350151,1160.7655786350151,1160.7655786350151,1160.7655786350151,1160.7655786350151,1160.7655786350151,1160.7655786350151,1160.7655786350151,1160.7655786350151,1160.7655786350151,1160.7655786350151,1160.7655786350151,1160.7655786350151,1160.7655786350151,1160.7655786350151,1160.7655786350151,1160.7655786350151,1160.7655786350151,1160.7655786350151
upper_ground_y,871.6714396715582,871.6714396715582,871.6714396715582,871.6714396715582,871.6714396715582,871.6714396715582,871.6714396715582,871.6714396715582,871.6714396715582,871.6714396715582,871.6714396715582,871.6714396715582,871.6714396715582,871.6714396715582,871.6714396715582,871.6714396715582,871.6714396715582,871.6714396715582,871.6714396715582,871.6714396715582,871.6714396715582,871.6714396715582,871.6714396715582,871.6714396715582,871.6714396715582,871.6714396715582,871.6714396715582,871.6714396715582,871.6714396715582,871.6714396715582,871.6714396715582,871.6714396715582,871.6714396715582,871.6714396715582,871.6714396715582,871.6714396715582,871.6714396715582,871.6714396715582,871.6714396715582,871.6714396715582,871.6714396715582,871.6714396715582,871.6714396715582,871.6714396715582,871.6714396715582,871.6714396715582,871.6714396715582,871.6714396715582,871.6714396715582,871.6714396715582,871.6714396715582,871.6714396715582,871.6714396715582,871.6714396715582,871.6714396715582,871.6714396715582,871.6714396715582,871.6714396715582,871.6714396715582,871.6714396715582,871.6714396715582,871.6714396715582,871.6714396715582,871.6714396715582,871.6714396715582,871.6714396715582,871.6714396715582,871.6714396715582,871.6714396715582,871.6714396715582,871.6714396715582,871.6714396715582,871.6714396715582,871.6714396715582,871.6714396715582,871.6714396715582,871.6714396715582,871.6714396715582,871.6714396715582,871.6714396715582,871.6714396715582,871.6714396715582,871.6714396715582,871.6714396715582,871.6714396715582,871.6714396715582,871.6714396715582,871.6714396715582,871.6714396715582,871.6714396715582,871.6714396715582,871.6714396715582,871.6714396715582,871.6714396715582,871.6714396715582,871.6714396715582,871.6714396715582,871.6714396715582,871.6714396715582,871.6714396715582
ground_1_x,985.0029673590507,985.0029673590507,985.0029673590507,985.0029673590507,985.0029673590507,985.0029673590507,985.0029673590507,985.0029673590507,985.0029673590507,985.0029673590507,985.0029673590507,985.0029673590507,985.0029673590507,985.0029673590507,985.0029673590507,985.0029673590507,985.0029673590507,985.0029673590507,985.0029673590507,985.0029673590507,985.0029673590507,985.0029673590507,985.0029673590507,985.0029673590507,985.0029673590507,985.0029673590507,985.0029673590507,985.0029673590507,985.0029673590507,985.0029673590507,985.0029673590507,985.0029673590507,985.0029673590507,985.0029673590507,985.0029673590507,985.0029673590507,985.0029673590507,985.0029673590507,985.0029673590507,985.0029673590507,985.0029673590507,985.0029673590507,985.0029673590507,985.0029673590507,985.0029673590507,985.0029673590507,985.0029673590507,985.0029673590507,985.0029673590507,985.0029673590507,985.0029673590507,985.0029673590507,985.0029673590507,985.0029673590507,985.0029673590507,985.0029673590507,985.0029673590507,985.0029673590507,985.0029673590507,985.0029673590507,985.0029673590507,985.0029673590507,985.0029673590507,985.0029673590507,985.0029673590507,985.0029673590507,985.0029673590507,985.0029673590507,985.0029673590507,985.0029673590507,985.0029673590507,985.0029673590507,985.0029673590507,985.0029673590507,985.0029673590507,985.0029673590507,985.0029673590507,985.0029673590507,985.0029673590507,985.0029673590507,985.0029673590507,985.0029673590507,985.0029673590507,985.0029673590507,985.0029673590507,985.0029673590507,985.0029673590507,985.0029673590507,985.0029673590507,985.0029673590507,985.0029673590507,985.0029673590507,985.0029673590507,985.0029673590507,985.0029673590507,985.0029673590507,985.0029673590507,985.0029673590507,985.0029673590507,985.0029673590507
ground_1_y,725.1720380460863,725.1720380460863,725.1720380460863,725.1720380460863,725.1720380460863,725.1720380460863,725.1720380460863,725.1720380460863,725.1720380460863,725.1720380460863,725.1720380460863,725.1720380460863,725.1720380460863,725.1720380460863,725.1720380460863,725.1720380460863,725.1720380460863,725.1720380460863,725.1720380460863,725.1720380460863,725.1720380460863,725.1720380460863,725.1720380460863,725.1720380460863,725.1720380460863,725.1720380460863,725.1720380460863,725.1720380460863,725.1720380460863,725.1720380460863,725.1720380460863,725.1720380460863,725.1720380460863,725.1720380460863,725.1720380460863,725.1720380460863,725.1720380460863,725.1720380460863,725.1720380460863,725.1720380460863,725.1720380460863,725.1720380460863,725.1720380460863,725.1720380460863,725.1720380460863,725.1720380460863,725.1720380460863,725.1720380460863,725.1720380460863,725.1720380460863,725.1720380460863,725.1720380460863,725.1720380460863,725.1720380460863,725.1720380460863,725.1720380460863,725.1720380460863,725.1720380460863,725.1720380460863,725.1720380460863,725.1720380460863,725.1720380460863,725.1720380460863,725.1720380460863,725.1720380460863,725.1720380460863,725.1720380460863,725.1720380460863,725.1720380460863,725.1720380460863,725.1720380460863,725.1720380460863,725.1720380460863,725.1720380460863,725.1720380460863,725.1720380460863,725.1720380460863,725.1720380460863,725.1720380460863,725.1720380460863,725.1720380460863,725.1720380460863,725.1720380460863,725.1720380460863,725.1720380460863,725.1720380460863,725.1720380460863,725.1720380460863,725.1720380460863,725.1720380460863,725.1720380460863,725.1720380460863,725.1720380460863,725.1720380460863,725.1720380460863,725.1720380460863,725.1720380460863,725.1720380460863,725.1720380460863,725.1720380460863
front_wheel_x,1744.8100890207716,1744.8100890207716,1744.8100890207716,1744.8100890207716,1744.8100890207716,1744.8100890207716,1744.8100890207716,1744.8100890207716,1744.8100890207716,1744.8100890207716,1744.8100890207716,1744.8100890207716,1744.8100890207716,1744.8100890207716,1744.8100890207716,1744.8100890207716,1744.8100890207716,1744.8100890207716,1744.8100890207716,1744.8100890207716,1744.8100890207716,1744.8100890207716,1744.8100890207716,1744.8100890207716,1744.8100890207716,1744.8100890207716,1744.8100890207716,1744.8100890207716,1744.8100890207716,1744.8100890207716,1744.8100890207716,1744.8100890207716,1744.8100890207716,1744.8100890207716,1744.8100890207716,1744.8100890207716,1744.8100890207716,1744.8100890207716,1744.8100890207716,1744.8100890207716,1744.8100890207716,1744.8100890207716,1744.8100890207716,1744.8100890207716,1744.8100890207716,1744.8100890207716,1744.8100890207716,1744.8100890207716,1744.8100890207716,1744.8100890207716,1744.8100890207716,1744.8100890207716,1744.8100890207716,1744.8100890207716,1744.8100890207716,1744.8100890207716,1744.8100890207716,1744.8100890207716,1744.8100890207716,1744.8100890207716,1744.8100890207716,1744.8100890207716,1744.8100890207716,1744.8100890207716,1744.8100890207716,1744.8100890207716,1744.8100890207716,1744.8100890207716,1744.8100890207716,1744.8100890207716,1744.8100890207716,1744.8100890207716,1744.8100890207716,1744.8100890207716,1744.8100890207716,1744.8100890207716,1744.8100890207716,1744.8100890207716,1744.8100890207716,1744.8100890207716,1744.8100890207716,1744.8100890207716,1744.8100890207716,1744.8100890207716,1744.8100890207716,1744.8100890207716,1744.8100890207716,1744.8100890207716,1744.8100890207716,1744.8100890207716,1744.8100890207716,1744.8100890207716,1744.8100890207716,1744.8100890207716,1744.8100890207716,1744.8100890207716,1744.8100890207716,1744.8100890207716,1744.8100890207716,1744.8100890207716
front_wheel_y,575.0101513799775,575.0101513799775,575.0101513799775,575.0101513799775,575.0101513799775,575.0101513799775,575.0101513799775,575.0101513799775,575.0101513799775,575.0101513799775,575.0101513799775,575.0101513799775,575.0101513799775,575.0101513799775,575.0101513799775,575.0101513799775,575.0101513799775,575.0101513799775,575.0101513799775,575.0101513799775,575.0101513799775,575.0101513799775,575.0101513799775,575.0101513799775,575.0101513799775,575.0101513799775,575.0101513799775,575.0101513799775,575.0101513799775,575.0101513799775,575.0101513799775,575.0101513799775,575.0101513799775,575.0101513799775,575.0101513799775,575.0101513799775,575.0101513799775,575.0101513799775,575.0101513799775,575.0101513799775,575.0101513799775,575.0101513799775,575.0101513799775,575.0101513799775,575.0101513799775,575.0101513799775,575.0101513799775,575.0101513799775,575.0101513799775,575.0101513799775,575.0101513799775,575.0101513799775,575.0101513799775,575.0101513799775,575.0101513799775,575.0101513799775,575.0101513799775,575.0101513799775,575.0101513799775,575.0101513799775,575.0101513799775,575.0101513799775,575.0101513799775,575.0101513799775,575.0101513799775,575.0101513799775,575.0101513799775,575.0101513799775,575.0101513799775,575.0101513799775,575.0101513799775,575.0101513799775,575.0101513799775,575.0101513799775,575.0101513799775,575.0101513799775,575.0101513799775,575.0101513799775,575.0101513799775,575.0101513799775,575.0101513799775,575.0101513799775,575.0101513799775,575.0101513799775,575.0101513799775,575.0101513799775,575.0101513799775,575.0101513799775,575.0101513799775,575.0101513799775,575.0101513799775,575.0101513799775,575.0101513799775,575.0101513799775,575.0101513799775,575.0101513799775,575.0101513799775,575.0101513799775,575.0101513799775,575.0101513799775
ShockLength,191.68863165508645,190.16054003172434,188.66540878932173,187.20154369721166,185.76754829313066,184.36206863515721,182.98399807031936,181.63235064191323,180.30615893176403,179.00460003430544,177.7269899071611,176.47262047234827,175.24087341191225,174.03116979690589,172.84300664069653,171.67584981499405,170.52923894640392,169.4028158739285,168.2961074069562,167.20875889639584,166.14039665887006,165.0907066752169,164.059364644603,163.04603703347263,162.05041905500624,161.0722504763733,160.11124886676524,159.16714079534688,158.23965511381917,157.3285859294617,156.43363770643452,155.5546119487444,154.69125027568344,153.8433367497086,153.01065818919656,152.19297704865838,151.39009451804213,150.60180194790834,149.82788051981245,149.06814026062136,148.32236611371147,147.59036627516704,146.87194672698828,146.1669214031284,145.47506880912744,144.79622975974,144.1301951581132,143.47679484238952,142.8358465761609,142.20714675167574,141.59053126175905,140.98581254856126,140.39280641544485,139.81135568834878,139.24125667285108,138.68236344263056,138.13448571302473,137.5974541689042,137.07110341802155,136.55525937441885,136.04975936166238,135.55442914590571,135.06911118134082,134.59363468721222,134.12783916961843,133.67156157008912,133.22464851295962,132.78694014190322,132.35827172386803,131.93849445800942,131.5274571705911,131.1249918011836,130.73096289834376,130.34521373244715,129.96759469574567,129.59795959509643,129.23616093723012,128.88205901122282,128.53550991148902,128.19637132404816,127.86450565960654,127.53977241444498,127.22203913694923,126.91116753723611,126.60702750291046,126.3094841207886,126.01841621403808,125.7336827555479,125.45516780697659,125.18274446570766,124.91628977028049,124.65568195525694,124.40080217722601,124.1515333357292,123.90775801242285,123.66936364550264,123.43623676885157,123.20826737773271,122.98534635565309,122.76736751866804
LeverageRatio,2.645226681886948,2.625502760673907,2.6068004648944068,2.5890378179280784,2.5721906121538223,2.5561826798614624,2.540967081822016,2.526524591140296,2.512801120371082,2.499741527469073,2.487339456426273,2.475554360359997,2.464361339792089,2.453722768825313,2.4436388989622726,2.434073212007921,2.4249757057858314,2.4163818315604777,2.408235213109419,2.400534811274079,2.3932457927946733,2.3863638838205463,2.3798860271442677,2.373791408647371,2.368049623176736,2.362664394106041,2.357624162990777,2.352921373747654,2.3485102029483556,2.344438194241948,2.340638574265125,2.3371431097492046,2.3339174321512277,2.3309523182246745,2.328259429428079,2.3258035008888576,2.323584929299044,2.321605980635377,2.3198358428648462,2.318289810909902,2.316940684469711,2.3157833342767282,2.3148025842298305,2.314028965798137,2.31338990244747,2.312932289148255,2.3126050819875372,2.3124137784066607,2.312378763060426,2.3124423079373115,2.312627030446506,2.312921742702376,2.3132781314597115,2.3137585715842572,2.3142646164309566,2.314858451714599,2.315497715711519,2.316165696346049,2.316869234862982,2.3175772194236433,2.318303537546833,2.3190038956443906,2.319696883508141,2.320350011831763,2.3209589687011065,2.321488630328595,2.3219437575788935,2.32232809630531,2.322586243656298,2.322711390698018,2.3227457231666317,2.3225740089576483,2.3222520194551,2.321744815473156,2.321027577871925,2.3200927193294465,2.3188959384373344,2.3174402701798793,2.315706326206082,2.313659134268976,2.3112988420463116,2.308571611660672,2.3054931090533644,2.302005568395481,2.298121692329786,2.2937441971255432,2.288981920004414,2.2836607366755604,2.277834848792003,2.2714627245080243,2.2645207202018245,2.256971104201945,2.2487837381922713,2.239946399182645,2.2304008035192737,2.2201393164277303,2.2091133500469224,2.1972980696060445,2.184646402310911,2.184646402310911
VerticalTravel,0.0,4.042148734485409,7.967619938983262,11.783624141638484,15.496292473539256,19.111454055351714,22.634054164817144,26.068545786626487,29.419201754884853,32.68976041064775,35.88345550138547,39.00349808953058,42.05275489585358,45.03390171728199,47.949324706752236,50.80143452722814,53.59236932706051,56.32391791225007,58.998148144676065,61.616739116729605,64.1813798589609,66.69354599607755,69.1547033698007,71.56630759244933,73.9296969960277,76.24604873006274,78.51657301576233,80.74242501741287,82.92472590132434,85.0643811763797,87.16253197231356,89.2200135685357,91.23781335395165,93.21677351318112,95.15770753414267,97.0614813598662,98.92882836037597,100.76049309621726,102.55723371222655,104.31970639676547,106.0486270027867,107.74462720973554,109.40833122642653,111.04032566804483,112.64129261062567,114.21171201286563,115.75220494865823,117.26326183937306,118.74539944144601,120.1991915639253,121.62507931053813,123.02356815249618,124.39514493133697,125.74020218284966,127.05927366660922,128.35270049367136,129.62095988655562,130.86445520023176,132.08357075367212,133.27871394828253,134.4502492622653,135.5985750537078,136.72402930416,137.8269906457715,138.90779928053144,139.96680086737638,141.00430444824792,142.02063866806236,143.01614737926423,143.9911162823471,144.94583727183522,145.88066198734919,146.79582327586309,147.69163005536961,148.56836509605523,149.4262983584116,150.26570479039037,151.08683030840155,151.88993714771925,152.67528252011664,153.44310654600224,154.19366211951808,154.92717214402467,155.64388447496367,156.34401652755332,157.02780742841674,157.6954427504952,158.34719248899955,158.98322614162907,159.6037615219958,160.20900343042877,160.7991552273961,161.37441152145732,161.93496323865338,162.48100689630303,163.01272188383632,163.53029602840536,164.0339062537281,164.52373018521826,164.99993686721757
AxlePathX,0.0,-0.3005156055823477,-0.5536680316021148,-0.7631908225383768,-0.9323869966751772,-1.0642523480938735,-1.1614616670202054,-1.2264405616738827,-1.2614124621441647,-1.2683971028918108,-1.2492388454662091,-1.2056485342552605,-1.1392007191849416,-1.0513540030510171,-0.9434601312917152,-0.8167808886404941,-0.6724894050945522,-0.5116816135956697,-0.3353858760397088,-0.14456508184400718,0.05987656361259042,0.2770868021321462,0.5062631105011519,0.746650635464448,0.9975362942477659,1.2582424550329279,1.5281306273639075,1.8065964859205224,2.0930685384411163,2.3869952919260413,2.6878685394536888,2.9951903128045387,3.3084988482493145,3.6273480302292,3.951313061628184,4.279996118790564,4.613010184932932,4.949989211211005,5.290587997289208,5.634470238384324,5.981322992100218,6.330841736477055,6.682736948695151,7.036730079884251,7.392568267842876,7.749989295436194,8.108760789485018,8.468647316636293,8.829428586306562,9.190903702300147,9.552865612133814,9.91512651198866,10.277506629146615,10.6398225959108,11.00192101094001,11.363629432410676,11.724804355708216,12.085299803857993,12.444974897163547,12.803700258806884,13.161347223528878,13.517799983183409,13.872939806772024,14.226661551580833,14.578860171947326,14.92943787764159,15.278296508973085,15.62534718160407,15.970509558560138,16.3136982604143,16.654834197467835,16.99385466846968,17.33067963103258,17.665248120235333,17.997498905390444,18.327372759866762,18.654815779208434,18.979772494766053,19.302194702942643,19.62203715557655,19.939254940377623,20.25380944427718,20.565659434122722,20.874772300913605,21.181112429631753,21.484652020469753,21.785355003590894,22.08320641329408,22.378172674878783,22.670233418122848,22.959368233630585,23.24555908309651,23.528788598305823,23.80904109951814,24.08630459843164,24.360565637509808,24.631814940565505,24.9000429921324,25.165242583665645,25.427406629285656
IFC_x,956.3169207729879,956.6712298612593,957.0398979829009,957.4224690343605,957.8185485532314,958.2278147396144,958.6499889732505,959.0848385493947,959.5321829909391,959.9918733561044,960.4637854718806,960.9478387824852,961.4439771907329,961.9521733035124,962.4724192988996,963.0047439208652,963.5491921726721,964.1058157173923,964.6747162550708,965.2559967534163,965.8497890945158,966.4562353247903,967.0755031725851,967.7077865307623,968.3532955523428,969.0122508878283,969.6849020658245,970.3715193539772,971.0723960610021,971.7878275344439,972.518162766565,973.2637421794487,974.0249520436058,974.8021889214942,975.5958740111856,976.406465564335,977.2344340085865,978.0802824586683,978.9445490014541,979.8277897610856,980.7306055745626,981.653620261838,982.5974943027875,983.5629211425395,984.5506542998075,985.5614530710508,986.5961500423389,987.6556002395475,988.7407145633462,989.852471070827,990.9918755464872,992.1600086561391,993.3580114701589,994.5870691268758,995.8484757379725,997.1435515130315,998.4737354484797,999.8405342658756,1001.2455423700382,1002.6904615623469,1004.1770876211367,1005.7073430749928,1007.283253974812,1008.9069941451265,1010.5808676340874,1012.3073357981075,1014.0890127474565,1015.92870154724,1017.8294095212523,1019.7943317094949,1021.8268967392752,1023.9308165245997,1026.1100186552708,1028.368770254488,1030.711654878659,1033.1436100012077,1035.6699730305656,1038.296499213211,1041.029435046291,1043.8755558867283,1046.842213279305,1049.9374217772565,1053.1698981028128,1056.5491893685128,1060.085721000412,1063.7909524732916,1067.6774276433362,1071.7590621334707,1076.0511133333916,1080.570532783975,1085.3361256078445,1090.3688271684389,1095.6920019891427,1101.3318144822688,1107.3176774896704,1113.682729649201,1120.4644956461889,1127.7055947420458,1135.4546623918607,1143.7674269233103
IFC_y,584.520573500802,584.3188760605175,584.11622460589,583.9118935860612,583.7052442307363,583.4956870241111,583.2826970362812,583.065794011766,582.8445250677499,582.6184752550396,582.387264359047,582.1505235360241,581.9079069363974,581.6590831498656,581.4037386362786,581.1415606148446,580.8722505574032,580.5955287823135,580.3110984017286,580.0186815313489,579.7179960155493,579.4087684065921,579.0907207136495,578.7635688984826,578.4270294119543,578.0808227048866,577.7246583115077,577.3582403444605,576.9812650440765,576.5934365559724,576.1944262741765,575.7839208551306,575.361579297725,574.9270604614107,574.4800115638047,574.0200579429057,573.5468227309266,573.059910320608,572.5589042632421,572.0433809878544,571.5128879644711,570.9669614927988,570.405115537592,569.8268448869604,569.2316024313229,568.6188450544147,567.9879769161237,567.3383927766882,566.6694499593303,565.980458788048,565.2707171160563,564.539470087706,563.785923144804,563.0092571856785,562.2085721325144,561.3829609520667,560.5314285816086,559.6529382028943,558.7463947858907,557.8106286969136,556.8444092504919,555.8464167722092,554.8152654808166,553.7494653795604,552.647440470307,551.5075066162916,550.3278785653939,549.1066399222645,547.8417325147086,546.5309755655171,545.1720278424175,543.7623465673549,542.2992553337938,540.7798357101682,539.200955337369,537.5592408518099,535.8510437999664,534.0724336118167,532.2191403820667,530.2865321685412,528.2695848352702,526.1628172245313,523.9602723800599,521.6554190673862,519.241130035565,516.7095643702683,514.0521502145624,511.2593551282749,508.3207514275619,505.224738593786,501.95844903746666,498.5075556322044,494.8560692193218,490.9860833791374,486.87746396088846,482.507529949778,477.8505924135827,472.8774762284275,467.5548845998041,461.8446656007436
CLINE_0_x,942.9385306637329,943.5265544985043,944.095212818585,944.6457807854549,945.1793523960589,945.6969554097469,946.1994718611878,946.6876967532412,947.1623840173768,947.624198664497,948.0737231546623,948.5115258124175,948.9381172615423,949.3539727924966,949.7595198092579,950.1551815959779,950.5413373808994,950.9183129089259,951.2864660210959,951.6460967379118,951.9975016173669,952.340944170838,952.6766825334257,953.0049695863145,953.3260389921411,953.6400997804736,953.9473622872625,954.2480266661842,954.542285847692,954.8303020345132,955.1122658007412,955.3883256007822,955.6586475627968,955.9233769707736,956.1826535544283,956.4366220120886,956.6854082975542,956.929138241851,957.16793789289,957.401918849316,957.6311989628853,957.8558840819417,958.07607790057,958.2918782065703,958.5033937140433,958.710706593487,958.9139157915915,959.1131028781334,959.3083518408806,959.4997529104456,959.6873789053129,959.8713098893603,960.051622830069,960.2283822726203,960.4016695705568,960.5715415620459,960.7380712858388,960.9013220359437,961.0613541857142,961.2182303862456,961.372007479338,961.5227459408093,961.6704983586202,961.8153218144369,961.9572682354001,962.0963897742005,962.2327337091643,962.3663493006487,962.497287253596,962.6255908465198,962.7513037568682,962.8744765239554,962.9951450072365,963.1133539275422,963.2291445360487,963.34255624223,963.4536287644218,963.5623980593773,963.6689017744128,963.7731766928048,963.8752573028994,963.9751793771866,964.0729748751295,964.168678507195,964.2623211384897,964.3539360079949,964.443549787368,964.5311989789702,964.6169079637357,964.7007066771074,964.7826233336972,964.86268580627,964.940920767164,965.0173542948277,965.0920129730721,965.1649212153162,965.2361042862171,965.3055860258152,965.3733902222049,965.4395395238151
CLINE_0_y,587.2304605730897,587.1085122758053,586.9851570500267,586.8606157251121,586.7350933116064,586.6087613290524,586.4817834412032,586.3543080470088,586.226460947154,586.0983618777739,585.9701274192075,585.8418549131865,585.713637137118,585.5855582766094,585.4576999053899,585.3301290375207,585.202912100429,585.0761201500358,584.9498014486988,584.8240125087304,584.6988008020221,584.5742159991419,584.4503009958704,584.3270922788817,584.204625687853,584.0829393257798,583.962064200246,583.8420289749089,583.7228592195681,583.6045874845544,583.4872295326529,583.3708135998384,583.2553559621249,583.1408773261145,583.0273967510353,582.9149271972694,582.8034861702662,582.6930877956603,582.583742740484,582.4754651038278,582.3682631045422,582.2621476612787,582.157128014842,582.0532136487623,581.9504062567626,581.8487180131409,581.7481506742673,581.6487123806465,581.550408065411,581.4532374921242,581.357207321497,581.2623187358089,581.1685727239384,581.0759750821393,580.9845212050772,580.8942178388144,580.8050617022245,580.7170532450156,580.6301931400574,580.5444795118733,580.4599123821771,580.3764885534198,580.2942080047964,580.2130670911278,580.1330639420946,580.0541955097041,579.9764604999707,579.8998555276946,579.8243754133828,579.7500183339338,579.6767813825159,579.6046567838031,579.5336445179512,579.46373859388,579.3949342808405,579.3272271981349,579.2606120616731,579.1950851508731,579.130641065399,579.0672742708961,579.0049799975834,578.9437520835095,578.8835861122352,578.8244754083047,578.7664151126768,578.7093983608172,578.6534218607193,578.5984756787752,578.544556974376,578.4916589649091,578.4397754902144,578.3889001620423,578.3390269244469,578.2901496857999,578.2422616265357,578.1953569262587,578.1494288396096,578.104471170496,578.0604774005251,578.0174414051676
CLINE_1_x,531.287949104941,531.9236837651445,532.5759478747038,533.2430381984649,533.9233935776896,534.6156546144902,535.3185508923142,536.0309226047594,536.7517467297764,537.4800623618114,538.214952530951,538.9556112779073,539.701277066821,540.4512480513289,541.2048529976723,541.9615040732202,542.7206319543553,543.4816593584602,544.2441276773588,545.007551713623,545.7714994408631,546.5355381631201,547.2992763593237,548.0623618130888,548.8244534787813,549.5852065410045,550.3443174057437,551.1015004319254,551.8564913107342,552.6089968079987,553.3588121484528,554.1056757326583,554.8493903057806,555.5897410731101,556.3265257148794,557.0595767957938,557.788707842435,558.5137531538434,559.2345682228921,559.9509944319165,560.6629064818292,561.3701683821723,562.0726557116221,562.7702456188297,563.4628583359473,564.1503624775276,564.8326832130957,565.5097149845183,566.1813712263528,566.8475947073877,567.5082943165717,568.1634097276175,568.8128837152626,569.4566356805062,570.094641752941,570.7268199883489,571.3531431742554,571.9735661102678,572.5880440430112,573.1965473486048,573.7990378651795,574.3954960740543,574.9858869746673,575.5701963096086,576.1484017114958,576.7204884274992,577.2864335743762,577.8462267000218,578.3998681997605,578.9473416021196,579.4886373605386,580.0237732423518,580.5527263005176,581.0755067745246,581.5921191137174,582.1025668391436,582.6068592857946,583.104998235285,583.5969954259925,584.0828641760081,584.5626144853111,585.0362646977129,585.5038244658488,585.9653164466475,586.4207541684465,586.8701627544716,587.3135486014411,587.7509548626331,588.1823867826176,588.6078716543194,589.0274339915862,589.4411001350678,589.8488951841885,590.2508449812558,590.6469798646543,591.03732524784,591.4219120809574,591.8007688066006,592.1739260915765,592.5414129107847
CLINE_1_y,670.6131830199492,674.4611659417699,678.1902312251266,681.807941002186,685.3207528213784,688.7347688964118,692.055195090097,695.2867206676096,698.4338187626307,701.500418359828,704.4899388256334,707.4057462097721,710.2508549529996,713.0280748923836,715.7399220623743,718.388913825577,720.9772940959473,723.5069648145684,725.98007068654,728.3983807830331,730.7636597192404,733.0774622052394,735.3413223813193,737.5567539538023,739.7251523185479,741.8477552925895,743.9258224673425,745.9605546453056,747.9531137049679,749.9044569817781,751.8157507029431,753.6878751051295,755.5218434918775,757.3185310168127,759.0787815139155,760.8034815617078,762.4933924023521,764.1492810871983,765.7719227451086,767.3619960129854,768.9202298298172,770.4472732597026,771.9437652246452,773.4103074394862,774.8475846770029,776.2560962797824,777.6364661182072,778.9891975749402,780.3148152609407,781.6138926088026,782.8868813274224,784.1342887704351,785.3566033538681,786.5542268422931,787.7276856626818,788.8773316671559,790.0036368540323,791.1070052943048,792.1878223782879,793.2464925212577,794.2833802359885,795.2988787894377,796.2933261300295,797.2670950860673,798.2205228816217,799.153950322622,800.0676843907288,800.9620483409507,801.8373777789543,802.6939555024954,803.5320687778474,804.3520568647734,805.1541525786516,805.9386552984902,806.7058402621869,807.4559704552963,808.1893124124535,808.9061061261654,809.6066052333035,810.2910581338532,810.9596973537887,811.6127659762058,812.2504798726205,812.8730762698284,813.4807648464927,814.07377379954,814.6522834603861,815.2165480079728,815.7667324171885,816.3030437023834,816.8256768556942,817.334825066231,817.8306733002901,818.3134027848346,818.7831991790862,819.2402326052539,819.6846801505433,820.1167088732676,820.5364860202693,820.9441708844287
AS_Point_x,1744.8100890207716,1744.8100890207716,1744.8100890207716,1744.8100890207716,1744.8100890207716,1744.8100890207716,1744.8100890207716,1744.8100890207716,1744.8100890207716,1744.8100890207716,1744.8100890207716,1744.8100890207716,1744.8100890207716,1744.8100890207716,1744.8100890207716,1744.8100890207716,1744.8100890207716,1744.8100890207716,1744.8100890207716,1744.8100890207716,1744.8100890207716,1744.8100890207716,1744.8100890207716,1744.8100890207716,1744.8100890207716,1744.8100890207716,1744.8100890207716,1744.8100890207716,1744.8100890207716,1744.8100890207716,1744.8100890207716,1744.8100890207716,1744.8100890207716,1744.8100890207716,1744.8100890207716,1744.8100890207716,1744.8100890207716,1744.8100890207716,1744.8100890207716,1744.8100890207716,1744.8100890207716,1744.8100890207716,1744.8100890207716,1744.8100890207716,1744.8100890207716,1744.8100890207716,1744.8100890207716,1744.8100890207716,1744.8100890207716,1744.8100890207716,1744.8100890207716,1744.8100890207716,1744.8100890207716,1744.8100890207716,1744.8100890207716,1744.8100890207716,1744.8100890207716,1744.8100890207716,1744.8100890207716,1744.8100890207716,1744.8100890207716,1744.8100890207716,1744.8100890207716,1744.8100890207716,1744.8100890207716,1744.8100890207716,1744.8100890207716,1744.8100890207716,1744.8100890207716,1744.8100890207716,1744.8100890207716,1744.8100890207716,1744.8100890207716,1744.8100890207716,1744.8100890207716,1744.8100890207716,1744.8100890207716,1744.8100890207716,1744.8100890207716,1744.8100890207716,1744.8100890207716,1744.8100890207716,1744.8100890207716,1744.8100890207716,1744.8100890207716,1744.8100890207716,1744.8100890207716,1744.8100890207716,1744.8100890207716,1744.8100890207716,1744.8100890207716,1744.8100890207716,1744.8100890207716,1744.8100890207716,1744.8100890207716,1744.8100890207716,1744.8100890207716,1744.8100890207716,1744.8100890207716,1744.8100890207716
AS_Point_y,1262.922523469565,1253.9240535614326,1245.1979586936693,1236.7222265372293,1228.4779126311732,1220.447393529629,1212.6154640269342,1204.9684352778625,1197.4934246962548,1190.1790209053047,1183.0151665459957,1175.9921346661863,1169.1011470079748,1162.334030345176,1155.6833887949933,1149.1419449421317,1142.7031197902816,1136.3611695035484,1130.109900175595,1123.944002927262,1117.8582357457549,1111.8478642260825,1105.908239713915,1100.0347902585938,1094.223229356055,1088.4696390262845,1082.7700673918087,1077.1207012172117,1071.5178165977677,1065.9581485656179,1060.437955390798,1054.9541315551644,1049.5032555992389,1044.0822024684899,1038.6878982707594,1033.3171440954766,1027.9670021035786,1022.6344891423068,1017.3165657517568,1012.010380320482,1006.7129178556629,1001.4213063180358,996.1326476585681,990.8440800515309,985.5524775255274,980.255107824008,974.9488634611436,969.630866399544,964.2981113278362,958.9473858278296,953.5757040397815,948.1798465594416,942.7565455542857,937.3026624057071,931.8146169636308,926.2891855642424,920.7226984173102,915.1115422481178,909.4520216247795,903.7402439810377,897.9722783459455,892.1439488933299,886.2510701584922,880.2891719547199,874.2536966461863,868.1398706266004,861.9428076547682,855.6573401322564,849.278011654069,842.7992722564038,836.2152798880088,829.5197160329981,822.7063015348073,815.7681898405458,808.6982492418675,801.4889988224865,794.132523201634,786.6205539182524,778.9442869264556,771.0944142749217,763.0611274621792,754.8339682796195,746.4019348528909,737.7532278502204,728.8753980880392,719.7550838204381,710.3782392391273,700.7294961111829,690.792835851566,680.5508814445047,669.9850434391976,659.0753522458324,647.8003601993888,636.1369721539263,624.0602324198701,611.543253744594,598.556878690335,585.0695448852944,571.0469574919173,556.4518413117776
Tyre_Contact_x,510.81008902077167,510.5095734151893,510.25642098916956,510.0468981982333,509.8777020240965,509.7458366726778,509.64862735375146,509.5836484590978,509.5486765586275,509.54169191787986,509.56085017530546,509.6044404865164,509.67088830158673,509.75873501772065,509.86662888947995,509.9933081321312,510.1375996156771,510.298407407176,510.47470314473196,510.66552393892766,510.86996558438426,511.0871758229038,511.3163521312728,511.5567396562361,511.80762531501944,512.0683314758046,512.3382196481356,512.6166855066922,512.9031575592128,513.1970843126977,513.4979575602254,513.8052793335762,514.118587869021,514.4374370510009,514.7614020823999,515.0900851395622,515.4230992057046,515.7600782319827,516.1006770180609,516.444559259156,516.7914120128719,517.1409307572487,517.4928259694668,517.8468191006559,518.2026572886145,518.5600783162079,518.9188498102567,519.278736337408,519.6395176070782,520.0009927230718,520.3629546329055,520.7252155327603,521.0875956499183,521.4499116166825,521.8120100317117,522.1737184531823,522.5348933764799,522.8953888246297,523.2550639179352,523.6137892795786,523.9714362443005,524.3278890039551,524.6830288275437,525.0367505723525,525.388949192719,525.7395268984133,526.0883855297448,526.4354362023757,526.7805985793318,527.123787281186,527.4649232182395,527.8039436892414,528.1407686518043,528.475337141007,528.8075879261621,529.1374617806384,529.4649047999801,529.7898615155377,530.1122837237143,530.4321261763482,530.7493439611493,531.0638984650489,531.3757484548944,531.6848613216853,531.9912014504034,532.2947410412414,532.5954440243626,532.8932954340657,533.1882616956505,533.4803224388945,533.7694572544023,534.0556481038682,534.3388776190775,534.6191301202898,534.8963936192033,535.1706546582815,535.4419039613372,535.7101320129041,535.9753316044373,536.2374956500573
Tyre_Contact_y,201.21642381902234,205.25857255350775,209.1840437580056,213.00004796066082,216.7127162925616,220.32787787437405,223.85047798383948,227.28496960564883,230.6356255739072,233.9061842296701,237.0998793204078,240.21992190855292,243.26917871487592,246.25032553630433,249.16574852577457,252.01785834625048,254.80879314608285,257.5403417312724,260.2145719636984,262.83316293575194,265.39780367798323,267.9099698150999,270.37112718882304,272.7827314114717,275.14612081505004,277.4624725490851,279.7329968347847,281.9588488364352,284.1411497203467,286.28080499540204,288.3789557913359,290.43643738755804,292.454237172974,294.43319733220346,296.374131353165,298.27790517888855,300.1452521793983,301.9769169152396,303.7736575312489,305.5361302157878,307.26505082180904,308.9610510287579,310.62475504544886,312.25674948706717,313.857716429648,315.42813583188797,316.96862876768057,318.4796856583954,319.96182326046835,321.41561538294764,322.84150312956046,324.2399919715185,325.6115687503593,326.956626001872,328.27569748563155,329.5691243126937,330.83738370557796,332.0808790192541,333.29999457269446,334.49513776730487,335.6666730812876,336.81499887273014,337.94045312318235,339.04341446479384,340.1242230995538,341.1832246863987,342.22072826727026,343.2370624870847,344.23257119828656,345.20754010136943,346.16226109085756,347.0970858063715,348.0122470948854,348.90805387439195,349.78478891507757,350.64272217743394,351.4821286094127,352.3032541274239,353.1063609667416,353.891706339139,354.6595303650246,355.4100859385404,356.143595963047,356.860308293986,357.56044034657566,358.2442312474391,358.91186656951754,359.5636163080219,360.1996499606514,360.82018534101815,361.4254272494511,362.01557904641845,362.59083534047966,363.1513870576757,363.69743071532537,364.22914570285866,364.7467198474277,365.25033007275044,365.7401540042406,366.2163606862399
AntiSquatPercent,96.51873633186752,95.70069361294638,94.90741226133154,94.13689115620063,93.3874080738319,92.65736088278241,91.94536729162836,91.25018285989455,90.57063644338477,89.9056906442075,89.25443115699758,88.61597371337854,87.98952028990476,87.37432786601397,86.76972408872463,86.17504737482811,85.58969963375084,85.01315869859327,84.44486148696114,83.88432537347634,83.33107381152114,82.78467640064183,82.24471053589933,81.71076058541558,81.18243686700298,80.6593832006602,80.14124032479876,79.62766158165357,79.1183084344314,78.61288406787233,78.11104832470687,77.61251888510382,77.11698470729242,76.62416169540613,76.13377040470337,75.64552002513221,75.1591434804142,74.67436957484405,74.19092199388496,73.7085415001327,73.22695400333096,72.74589840900123,72.26511125814052,71.7843323847735,71.30327760968228,70.82169854590778,70.33931269473828,69.85585841641105,69.37106250080126,68.88463290989158,68.39629820188719,67.90576570367448,67.4127383395694,66.91693078060771,66.41801755860077,65.91570561320182,65.40966132711708,64.89955622082687,64.38505434597792,63.865801832910485,63.34144132062938,62.811593188573426,62.2758769399518,61.73388619415432,61.185206620651265,60.62940425523438,60.06603489415872,59.49462875574856,58.91468980318606,58.32571349430741,57.72716873354422,57.11848111036143,56.499079792344084,55.86834236559304,55.225620492985925,54.57023409122401,53.90146358023742,53.21855728174819,52.52071482794848,51.807090041445406,51.07679124028699,50.32886767823611,49.56231918489714,48.776073093745275,47.96899766081972,47.13987818194689,46.28743776546409,45.410279299287325,44.50694654841306,43.575859784134764,42.61532905637957,41.623538947891824,40.59853967094241,39.53823166680945,38.4403462364407,37.30243908414288,36.121859533755696,34.895738278752006,33.62095760662681,32.29412886297775
