ground3_x,961.848942598187,961.848942598187,961.848942598187,961.848942598187,961.848942598187,961.848942598187,961.848942598187,961.848942598187,961.848942598187,961.848942598187,961.848942598187,961.848942598187,961.848942598187,961.848942598187,961.848942598187,961.848942598187,961.848942598187,961.848942598187,961.848942598187,961.848942598187,961.848942598187,961.848942598187,961.848942598187,961.848942598187,961.848942598187,961.848942598187,961.848942598187,961.848942598187,961.848942598187,961.848942598187,961.848942598187,961.848942598187,961.848942598187,961.848942598187,961.848942598187,961.848942598187,961.848942598187,961.848942598187,961.848942598187,961.848942598187,961.848942598187,961.848942598187,961.848942598187,961.848942598187,961.848942598187,961.848942598187,961.848942598187,961.848942598187,961.848942598187,961.848942598187,961.848942598187,961.848942598187,961.848942598187,961.848942598187,961.848942598187,961.848942598187,961.848942598187,961.848942598187,961.848942598187,961.848942598187,961.848942598187,961.848942598187,961.848942598187,961.848942598187,961.848942598187,961.848942598187,961.848942598187,961.848942598187,961.848942598187,961.848942598187,961.848942598187,961.848942598187,961.848942598187,961.848942598187,961.848942598187,961.848942598187,961.848942598187,961.848942598187,961.848942598187,961.848942598187,961.848942598187,961.848942598187,961.848942598187,961.848942598187,961.848942598187,961.848942598187,961.848942598187,961.848942598187,961.848942598187,961.848942598187,961.848942598187,961.848942598187,961.848942598187,961.848942598187,961.848942598187,961.848942598187,961.848942598187,961.848942598187,961.848942598187,961.848942598187
ground3_y,632.0442273375679,632.0442273375679,632.0442273375679,632.0442273375679,632.0442273375679,632.0442273375679,632.0442273375679,632.0442273375679,632.0442273375679,632.0442273375679,632.0442273375679,632.0442273375679,632.0442273375679,632.0442273375679,632.0442273375679,632.0442273375679,632.0442273375679,632.0442273375679,632.0442273375679,632.0442273375679,632.0442273375679,632.0442273375679,632.0442273375679,632.0442273375679,632.0442273375679,632.0442273375679,632.0442273375679,632.0442273375679,632.0442273375679,632.0442273375679,632.0442273375679,632.0442273375679,632.0442273375679,632.0442273375679,632.0442273375679,632.0442273375679,632.0442273375679,632.0442273375679,632.0442273375679,632.0442273375679,632.0442273375679,632.0442273375679,632.0442273375679,632.0442273375679,632.0442273375679,632.0442273375679,632.0442273375679,632.0442273375679,632.0442273375679,632.0442273375679,632.0442273375679,632.0442273375679,632.0442273375679,632.0442273375679,632.0442273375679,632.0442273375679,632.0442273375679,632.0442273375679,632.0442273375679,632.0442273375679,632.0442273375679,632.0442273375679,632.0442273375679,632.0442273375679,632.0442273375679,632.0442273375679,632.0442273375679,632.0442273375679,632.0442273375679,632.0442273375679,632.0442273375679,632.0442273375679,632.0442273375679,632.0442273375679,632.0442273375679,632.0442273375679,632.0442273375679,632.0442273375679,632.0442273375679,632.0442273375679,632.0442273375679,632.0442273375679,632.0442273375679,632.0442273375679,632.0442273375679,632.0442273375679,632.0442273375679,632.0442273375679,632.0442273375679,632.0442273375679,632.0442273375679,632.0442273375679,632.0442273375679,632.0442273375679,632.0442273375679,632.0442273375679,632.0442273375679,632.0442273375679,632.0442273375679,632.0442273375679
linkage1_x,913.3836858006044,913.4109213332522,913.4405213638129,913.4724844473635,913.5068090236288,913.5434934170576,913.5825358369041,913.6239343773161,913.6676870174273,913.7137916214562,913.7622459388105,913.8130476041968,913.8661941377361,913.9216829450847,913.9795113175616,914.0396764322792,914.1021753522828,914.1670050266928,914.2341622908541,914.3036438664906,914.375446361865,914.4495662719445,914.5259999785721,914.6047437506429,914.6857937442862,914.7691460030534,914.8547964581111,914.9427409284397,915.032975121037,915.1254946311287,915.2202949423828,915.3173714271301,915.4167193465901,915.5183338511025,915.622209980364,915.72834266367,915.8367267201627,915.9473568590832,916.0602276800311,916.1753336732265,916.2926692197801,916.4122285919673,916.5340059535072,916.6579953598483,916.7841907584583,916.9125859891194,917.0431747842292,917.1759507691069,917.3109074623038,917.4480382759205,917.5873365159279,917.728795382494,917.8724079703165,918.0181672689589,918.1660661631934,918.3160974333479,918.4682537556587,918.6225277026277,918.7789117433854,918.9373982440579,919.0979794681402,919.2606475768733,919.4253946296274,919.5922125842889,919.7610932976534,919.9320285258233,920.1050099246098,920.2800290499406,920.4570773582718,920.6361462070054,920.8172268549104,921.0003104625505,921.1853880927147,921.3724507108543,921.5614891855234,921.7524942888247,921.9454566968603,922.1403669901867,922.3372156542742,922.5359930799721,922.7366895639769,922.9392953093069,923.1438004257798,923.3501949304955,923.5584687483239,923.7686117123959,923.9806135646007,924.1944639560858,924.4101524477622,924.6276685108147,924.847001527215,925.0681407902402,925.2910755049962,925.5157947889436,925.7422876724295,925.970543099223,926.2005499270549,926.432296928161,926.6657727898314,926.9009661149613
linkage1_y,635.7731018351345,636.1116242215651,636.4499480583607,636.7880568302718,637.1259340325473,637.46356317174,637.8009277665122,638.1380113484397,638.4747974628158,638.811269669455,639.1474115434949,639.4832066761982,639.8186386757541,640.1536911680777,640.4883477976101,640.822592228116,641.1564081434822,641.4897792485125,641.822689269725,642.1551219561449,642.4870610800988,642.8184904380064,643.1493938511717,643.4797551665725,643.8095582576492,644.1387870250917,644.4674253976254,644.7954573327963,645.122866817753,645.4496378700292,645.7757545383236,646.1012009032785,646.4259610782573,646.7500192101194,647.0733594799946,647.3959661040548,647.7178233342851,648.0389154592518,648.3592268048702,648.6787417351688,648.9974446530537,649.3153200010684,649.6323522621549,649.9485259604103,650.263825661842,650.578235975122,650.8917415523372,651.2043270897394,651.5159773284921,651.8266770554153,652.1364111037279,652.4451643537886,652.7529217338338,653.0596682207128,653.3653888406217,653.6700686698344,653.9736928354308,654.276246516023,654.5777149424786,654.8780833986418,655.1773372220517,655.4754618046586,655.7724425935357,656.0682650915913,656.3629148582751,656.6563775102835,656.948638722262,657.2396842275043,657.5294998186486,657.8180713483714,658.1053847300777,658.3914259385894,658.6761810108287,658.9596360465011,659.241777208773,659.5225907249471,659.8020628871358,660.0801800529288,660.3569286460602,660.632295157071,660.9062661439681,661.178828232881,661.4499681187142,661.7196725657974,661.9879284085306,662.2547225520276,662.5200419727548,662.7838737191671,663.0462049123402,663.3070227465989,663.566314490143,663.8240674856676,664.0802691509821,664.334906979624,664.5879685414692,664.8394414833388,665.0893135296026,665.3375724827777,665.5842062241242,665.829202714237
linkage2_x,1000.9939577039277,1001.0133105359284,1001.0337160199603,1001.055174666348,1001.0776871809279,1001.1012543692806,1001.125877104904,1001.1515563968106,1001.1782934675978,1001.2060894833193,1001.234945845287,1001.2648640628647,1001.2958457358789,1001.327892653861,1001.3610066641605,1001.3951897330337,1001.4304441266552,1001.4667719817617,1001.5041757437989,1001.5426579410981,1001.5822212141381,1001.6228685067404,1001.6646027160452,1001.7074268851741,1001.751344219309,1001.7963583204846,1001.8424725513224,1001.8896906770816,1001.9380165771358,1001.9874541515178,1002.0380076913393,1002.0896814866744,1002.1424800380257,1002.196408008009,1002.2514700099289,1002.3076713760654,1002.3650170605426,1002.4235125045692,1002.4831631940424,1002.5439748328156,1002.6059533077491,1002.6691047063271,1002.7334352897315,1002.7989514630224,1002.8656599481662,1002.9335676029164,1003.0026813797557,1003.0730087442216,1003.1445568513647,1003.2173335885198,1003.2913468469935,1003.3666047097249,1003.4431155332985,1003.5208878687695,1003.5999304642539,1003.6802524301658,1003.761863097665,1003.8447717110805,1003.9289883310793,1004.0145228089829,1004.1013855204699,1004.1895868947486,1004.2791378264127,1004.3700494131996,1004.462332881779,1004.5559999032331,1004.6510625651666,1004.7475329094458,1004.8454235106199,1004.9447471983092,1005.0455170686416,1005.1477466101842,1005.2514496805462,1005.356640380021,1005.4633331215282,1005.5715427274986,1005.6812843599864,1005.7925735437204,1005.9054261742493,1006.0198585262597,1006.135887262175,1006.2535294410377,1006.3728025276853,1006.4937244022335,1006.6163133698883,1006.7405881711014,1006.8665679827914,1006.994272485954,1007.1237219205251,1007.2549365599182,1007.3879376524122,1007.5227468814032,1007.6593861030464,1007.7978779834201,1007.9382459039492,1008.080513432551,1008.2247048871773,1008.3708453187677,1008.5189601084796,1008.6690753738476
linkage2_y,633.9086645863509,633.9077015342385,633.9066983342569,633.9056544929364,633.9045728313857,633.903455552265,633.9023037960105,633.9011194638877,633.8999064310808,633.8986650568374,633.8973981815712,633.8961083856419,633.8947978054873,633.8934696405025,633.8921261350833,633.8907695824774,633.8894044899921,633.8880321585639,633.8866561831181,633.8852796046062,633.8839053164377,633.8825379588458,633.8811803129691,633.8798353755358,633.878506464906,633.877199161334,633.8759157256562,633.8746607210094,633.8734384437148,633.8722522624246,633.8711074512174,633.8700081503549,633.868958979002,633.867964650435,633.867028575504,633.8661579406008,633.86535640598,633.8646297980072,633.8639832274092,633.8634221815776,633.8629522869904,633.8625793955682,633.8623094169959,633.8621481561956,633.8621022350115,633.8621780837502,633.8623817557236,633.8627210381466,633.8632012922805,633.8638306548858,633.8646163806726,633.8655657881114,633.8666866299412,633.8679867086721,633.8694738885899,633.8711568081152,633.8730442229585,633.8751437175805,633.8774655155094,633.8800181307861,633.8828114294532,633.8858546852704,633.8891582257157,633.8927323620387,633.8965871178225,633.9007334292164,633.9051829890374,633.9099465313072,633.9150359691271,633.9204633484482,633.9262408887349,633.9323814149619,633.9388982509985,633.9458047757356,633.953114662739,633.9608421919514,633.9690019999679,633.9776091459507,633.9866791266111,633.9962278915189,634.0062718591034,634.0168279333443,634.0279135211847,634.0395465507102,634.0517454901551,634.0645293677853,634.0779177656125,634.0919310061674,634.106590293218,634.1219162028414,634.1379313744333,634.1546589378042,634.172121791909,634.1903443786155,634.2093523841927,634.2291712935989,634.2498279258069,634.2713503618133,634.293766869472,634.3171069817137
ground2_x,1002.8580060422961,1002.8580060422961,1002.8580060422961,1002.8580060422961,1002.8580060422961,1002.8580060422961,1002.8580060422961,1002.8580060422961,1002.8580060422961,1002.8580060422961,1002.8580060422961,1002.8580060422961,1002.8580060422961,1002.8580060422961,1002.8580060422961,1002.8580060422961,1002.8580060422961,1002.8580060422961,1002.8580060422961,1002.8580060422961,1002.8580060422961,1002.8580060422961,1002.8580060422961,1002.8580060422961,1002.8580060422961,1002.8580060422961,1002.8580060422961,1002.8580060422961,1002.8580060422961,1002.8580060422961,1002.8580060422961,1002.8580060422961,1002.8580060422961,1002.8580060422961,1002.8580060422961,1002.8580060422961,1002.8580060422961,1002.8580060422961,1002.8580060422961,1002.8580060422961,1002.8580060422961,1002.8580060422961,1002.8580060422961,1002.8580060422961,1002.8580060422961,1002.8580060422961,1002.8580060422961,1002.8580060422961,1002.8580060422961,1002.8580060422961,1002.8580060422961,1002.8580060422961,1002.8580060422961,1002.8580060422961,1002.8580060422961,1002.8580060422961,1002.8580060422961,1002.8580060422961,1002.8580060422961,1002.8580060422961,1002.8580060422961,1002.8580060422961,1002.8580060422961,1002.8580060422961,1002.8580060422961,1002.8580060422961,1002.8580060422961,1002.8580060422961,1002.8580060422961,1002.8580060422961,1002.8580060422961,1002.8580060422961,1002.8580060422961,1002.8580060422961,1002.8580060422961,1002.8580060422961,1002.8580060422961,1002.8580060422961,1002.8580060422961,1002.8580060422961,1002.8580060422961,1002.8580060422961,1002.8580060422961,1002.8580060422961,1002.8580060422961,1002.8580060422961,1002.8580060422961,1002.8580060422961,1002.8580060422961,1002.8580060422961,1002.8580060422961,1002.8580060422961,1002.8580060422961,1002.8580060422961,1002.8580060422961,1002.8580060422961,1002.8580060422961,1002.8580060422961,1002.8580060422961,1002.8580060422961
ground2_y,671.1974095620187,671.1974095620187,671.1974095620187,671.1974095620187,671.1974095620187,671.1974095620187,671.1974095620187,671.1974095620187,671.1974095620187,671.1974095620187,671.1974095620187,671.1974095620187,671.1974095620187,671.1974095620187,671.1974095620187,671.1974095620187,671.1974095620187,671.1974095620187,671.1974095620187,671.1974095620187,671.1974095620187,671.1974095620187,671.1974095620187,671.1974095620187,671.1974095620187,671.1974095620187,671.1974095620187,671.1974095620187,671.1974095620187,671.1974095620187,671.1974095620187,671.1974095620187,671.1974095620187,671.1974095620187,671.1974095620187,671.1974095620187,671.1974095620187,671.1974095620187,671.1974095620187,671.1974095620187,671.1974095620187,671.1974095620187,671.1974095620187,671.1974095620187,671.1974095620187,671.1974095620187,671.1974095620187,671.1974095620187,671.1974095620187,671.1974095620187,671.1974095620187,671.1974095620187,671.1974095620187,671.1974095620187,671.1974095620187,671.1974095620187,671.1974095620187,671.1974095620187,671.1974095620187,671.1974095620187,671.1974095620187,671.1974095620187,671.1974095620187,671.1974095620187,671.1974095620187,671.1974095620187,671.1974095620187,671.1974095620187,671.1974095620187,671.1974095620187,671.1974095620187,671.1974095620187,671.1974095620187,671.1974095620187,671.1974095620187,671.1974095620187,671.1974095620187,671.1974095620187,671.1974095620187,671.1974095620187,671.1974095620187,671.1974095620187,671.1974095620187,671.1974095620187,671.1974095620187,671.1974095620187,671.1974095620187,671.1974095620187,671.1974095620187,671.1974095620187,671.1974095620187,671.1974095620187,671.1974095620187,671.1974095620187,671.1974095620187,671.1974095620187,671.1974095620187,671.1974095620187,671.1974095620187,671.1974095620187
ss_link_x,937.6163141993956,937.6163144452931,937.6163143645105,937.6163143053681,937.6163141699705,937.6163142658588,937.6163139577361,937.6163144837191,937.6163142954633,937.6163143050493,937.616314225575,937.6163144200586,937.6163145639356,937.61631445937,937.6163144723961,937.6163146319082,937.6163144414859,937.6163142833873,937.6163142809393,937.6163144528653,937.6163144497402,937.616314633374,937.6163144971766,937.6163145058647,937.6163144425693,937.6163146943321,937.6163147187962,937.6163143154429,937.616314694916,937.6163143799427,937.6163143740695,937.6163144393985,937.6163141705592,937.6163143159207,937.6163144105896,937.6163145741493,937.6163144137821,937.6163145336051,937.6163145286221,937.6163145361722,937.6163144721646,937.6163144731066,937.6163144462735,937.6163144633208,937.6163144658785,937.6163143061658,937.6163144672081,937.6163145994093,937.6163144106878,937.6163144474497,937.6163144611361,937.6163144873427,937.6163145260558,937.6163144401365,937.6163144922591,937.6163143863054,937.6163144359124,937.616314488906,937.6163143934477,937.6163144816068,937.6163144621927,937.6163145000638,937.6163145469504,937.6163148134931,937.6163147986438,937.6163143148569,937.6163143953952,937.6163143963036,937.6163143947418,937.6163143971862,937.6163142484851,937.6163143746736,937.6163145280691,937.6163145072045,937.6163145022339,937.6163144979547,937.6163144947851,937.6163144933039,937.616314494011,937.6163144972754,937.6163145032859,937.6163145120202,937.6163145232262,937.6163145364125,937.6163145508363,937.6163145655046,937.6163143984691,937.6163143477801,937.6163142652139,937.6163142658354,937.6163142288375,937.6163142358163,937.6163142787916,937.6163146014727,937.616314650349,937.6163143599445,937.6163145290038,937.6163145420998,937.6163145795856,937.6163146208719
ss_link_y,766.2837092499717,766.2837085909781,766.2837092433724,766.2837089896398,766.2837088679565,766.2837091924875,766.2837091715679,766.2837086013988,766.2837092983598,766.2837093537083,766.2837093116145,766.2837093377391,766.2837090924461,766.2837092047088,766.2837092305198,766.2837086962504,766.2837092754303,766.2837092954005,766.2837092991412,766.2837091804929,766.2837085989559,766.2837088413289,766.2837092565464,766.2837092741221,766.2837085635607,766.2837089388892,766.28370880203,766.2837087428795,766.2837089351663,766.283708576429,766.2837085965359,766.2837086998278,766.2837089515119,766.2837093644664,766.2837085435106,766.2837087381915,766.2837085384565,766.2837085566831,766.2837085639744,766.283708560696,766.2837085445744,766.2837085896275,766.2837086780619,766.2837085315157,766.2837085306511,766.2837087008786,766.2837085253915,766.2837090477976,766.2837087101836,766.2837085528222,766.2837085444369,766.2837085293688,766.2837085896903,766.2837086540276,766.2837085134615,766.283708507932,766.283708887682,766.2837085049943,766.2837086040214,766.2837085057806,766.2837086121526,766.2837084992883,766.2837085227254,766.2837087644434,766.2837087187448,766.2837085093339,766.2837087714036,766.2837088177075,766.2837088467153,766.2837088641033,766.283708706927,766.283708501303,766.2837084726806,766.2837085372411,766.2837085506949,766.2837085630256,766.28370857402,766.2837085831331,766.2837085897669,766.283708593272,766.2837085929813,766.2837085882458,766.2837085784705,766.2837085631561,766.2837085419676,766.2837085148395,766.2837084365163,766.2837084461013,766.2837088812157,766.2837088838164,766.2837089046681,766.2837092162832,766.2837091673712,766.2837088954072,766.2837088688758,766.283708649905,766.2837083886135,766.2837083955809,766.2837084025492,766.2837084063732
lower_shock_x,995.401812688822,995.4018129347196,995.4018128539369,995.4018127947945,995.4018126593969,995.4018127552853,995.4018124471626,995.4018129731455,995.4018127848898,995.4018127944757,995.4018127150015,995.4018129094851,995.401813053362,995.4018129487964,995.4018129618225,995.4018131213346,995.4018129309123,995.4018127728137,995.4018127703657,995.4018129422917,995.4018129391667,995.4018131228005,995.4018129866031,995.4018129952912,995.4018129319958,995.4018131837586,995.4018132082226,995.4018128048693,995.4018131843425,995.4018128693691,995.4018128634959,995.4018129288249,995.4018126599857,995.4018128053472,995.401812900016,995.4018130635758,995.4018129032086,995.4018130230315,995.4018130180485,995.4018130255987,995.4018129615911,995.4018129625331,995.4018129356999,995.4018129527473,995.401812955305,995.4018127955923,995.4018129566346,995.4018130888358,995.4018129001142,995.4018129368761,995.4018129505625,995.4018129767692,995.4018130154823,995.401812929563,995.4018129816856,995.4018128757318,995.4018129253388,995.4018129783325,995.4018128828742,995.4018129710332,995.4018129516191,995.4018129894903,995.4018130363769,995.4018133029195,995.4018132880702,995.4018128042834,995.4018128848217,995.40181288573,995.4018128841683,995.4018128866127,995.4018127379115,995.4018128641001,995.4018130174956,995.401812996631,995.4018129916603,995.4018129873812,995.4018129842116,995.4018129827303,995.4018129834375,995.4018129867019,995.4018129927124,995.4018130014466,995.4018130126526,995.4018130258389,995.4018130402627,995.401813054931,995.4018128878955,995.4018128372065,995.4018127546403,995.4018127552619,995.401812718264,995.4018127252427,995.4018127682181,995.4018130908992,995.4018131397754,995.4018128493709,995.4018130184303,995.4018130315262,995.4018130690121,995.4018131102983
lower_shock_y,786.7925189865889,786.7925183275953,786.7925189799896,786.792518726257,786.7925186045737,786.7925189291047,786.7925189081851,786.792518338016,786.792519034977,786.7925190903255,786.7925190482317,786.7925190743563,786.7925188290633,786.792518941326,786.792518967137,786.7925184328676,786.7925190120475,786.7925190320177,786.7925190357583,786.7925189171101,786.792518335573,786.7925185779461,786.7925189931636,786.7925190107393,786.7925183001779,786.7925186755064,786.7925185386472,786.7925184794967,786.7925186717835,786.7925183130462,786.7925183331531,786.792518436445,786.7925186881291,786.7925191010836,786.7925182801278,786.7925184748087,786.7925182750737,786.7925182933003,786.7925183005916,786.7925182973132,786.7925182811916,786.7925183262447,786.7925184146791,786.7925182681329,786.7925182672683,786.7925184374958,786.7925182620087,786.7925187844148,786.7925184468008,786.7925182894394,786.7925182810541,786.792518265986,786.7925183263075,786.7925183906448,786.7925182500787,786.7925182445492,786.7925186242992,786.7925182416114,786.7925183406386,786.7925182423978,786.7925183487698,786.7925182359055,786.7925182593426,786.7925185010606,786.792518455362,786.7925182459511,786.7925185080207,786.7925185543247,786.7925185833325,786.7925186007205,786.7925184435442,786.7925182379201,786.7925182092978,786.7925182738583,786.7925182873121,786.7925182996428,786.7925183106372,786.7925183197503,786.7925183263841,786.7925183298892,786.7925183295985,786.792518324863,786.7925183150877,786.7925182997733,786.7925182785848,786.7925182514567,786.7925181731335,786.7925181827185,786.7925186178329,786.7925186204336,786.7925186412853,786.7925189529004,786.7925189039884,786.7925186320244,786.792518605493,786.7925183865221,786.7925181252307,786.7925181321981,786.7925181391664,786.7925181429904
rear_wheel_x,527.5256797583082,527.3029409384795,527.0884536906078,526.882221422431,526.684248832183,526.4945390318047,526.3130933143484,526.1399123853228,525.9749970368566,525.8183447309527,525.66995334608,525.5298194374329,525.3979381599154,525.2743040958483,525.1589101420748,525.0517480834525,524.9528096137776,524.8620836759117,524.7795591503273,524.7052234587202,524.639062776514,524.5810627822515,524.5312071707831,524.4894785474258,524.4558584466336,524.4303279287485,524.4128656931488,524.4034499743865,524.4020576548209,524.408664121117,524.4232440145807,524.4457704042418,524.4762152115918,524.514549100589,524.5607412351228,524.6147601659159,524.6765725235393,524.746143994974,524.823438849458,524.9084200947901,525.0010494323064,525.1012872528322,525.209092615105,525.3244232412586,525.4472355313125,525.577484513328,525.7151238690417,525.860105869261,526.0123815005853,526.1719002522267,526.3386102461081,526.5124582076049,526.6933894175284,526.881347738332,527.0762756140493,527.2781139438339,527.4868021536008,527.7022784664696,527.9244791361801,528.1533393026593,528.3887923411864,528.630770299409,528.8792034718855,529.1340206550664,529.3951492468227,529.6625148701867,529.9360413665926,530.2156513872837,530.5012656496818,530.7928032798425,531.0901817980648,531.3933169303195,531.7021226232623,532.0165112282302,532.3363933971184,532.6616779205066,532.992271826764,533.3280803380732,533.6690068491782,534.0149529056794,534.3658181816986,534.7215004569089,535.0818955929105,535.4468975089258,535.8163981567753,536.1902874951046,536.5684534809003,536.9507819316343,537.3371564047525,537.727459240034,538.1215696880711,538.5193649617215,538.9207207846625,539.3255100855856,539.7336031651976,540.1448688065948,540.5591730926196,540.9763794227182,541.39634938093,541.8189418605208
rear_wheel_y,570.5177981277161,572.3520526706677,574.1865134155198,576.0210919299441,577.855685038474,579.6901921590786,581.5245172808292,583.3585609149741,585.19221471279,587.025385777213,588.8579701168632,590.6898647812128,592.5209686862668,594.351175925984,596.1803847388417,598.0084930577235,599.8353888651135,601.6609743336485,603.4851413364144,605.3077841329816,607.1287975665115,608.9480685984221,610.7654924232422,612.5809632110974,614.3943736334807,616.2056061600557,618.0145580783246,619.8211163006581,621.6251688797335,623.4266079900393,625.2253171946304,627.0211851095698,628.8140981569879,630.6039422978097,632.3906093391341,634.1739740205359,635.9539269662434,637.7303489956738,639.5031241391541,641.2721347057317,643.0372623589221,644.7983877274814,646.5553911678044,648.3081535061536,650.056551855042,651.8004641928809,653.5397702161802,655.2743417339329,657.0040616090438,658.7288000728302,660.448431383289,662.1628295233477,663.8718665111705,665.5754141573303,667.2733440142214,668.965524117083,670.6518219880594,672.3321105502945,674.006250661462,675.6741110522493,677.3355542865902,678.9904456889266,680.6386457831002,682.2800152095554,683.9144159823151,685.5417059639641,687.1617395769758,688.7743757200234,690.3794679096357,691.9768691061772,693.5664315299632,695.1480046648559,696.7214357495773,698.2865718346765,699.8432586767074,701.3913392937775,702.9306551235259,704.4610457186501,705.9823486783446,707.4943995781259,708.9970318963869,710.4900769376701,711.9733637525117,713.4467190536585,714.909967128356,716.3629297465037,717.805426191058,719.2372723859401,720.6582802366361,722.068264693228,723.4670311612471,724.8543828572742,726.2301241964096,727.5940524814675,728.9459592953797,730.2856372896867,731.6128729813132,732.9274470863115,734.2291395772625,735.5177246169623
ss_link2_x,564.8066465256799,564.8148245696777,564.8306059535382,564.8539838375134,564.8849505211263,564.9234972403121,564.9696142283562,565.0232907181047,565.0845148120073,565.153273741455,565.229553597351,565.3133394293329,565.4046152888573,565.503364058832,565.6095676788941,565.7232070521037,565.8442616473083,565.9727104020251,566.1085307976911,566.251699335322,566.4021914801901,566.5599811836344,566.7250417400484,566.8973453296828,567.0768629712488,567.2635638773324,567.4574171562253,567.6583900948087,567.8664489251141,568.081559098694,568.3036842355048,568.5327872326113,568.7688296638984,569.0117719160683,569.2615738229222,569.518192365887,569.781584952936,570.051706824911,570.3285123876815,570.6119546866537,570.9019855116696,571.1985553410473,571.5016134250031,571.8111078813922,572.1269851459668,572.4491905440908,572.777668427814,573.112360827568,573.453210110122,573.8001556065846,574.1531359663953,574.512088553185,574.8769491752732,575.2476523449178,575.6241312713995,576.006317311474,576.3941404362628,576.787530264434,577.1864130389239,577.5907150607995,578.0003602285925,578.4152716232546,578.8353701169403,579.2605752585583,579.6908055303568,580.1259772737578,580.5660047789897,581.0108018701023,581.4602799247252,581.9143488243951,582.3729169171189,582.8358905828775,583.3031743128578,583.7746711479795,584.2502824384987,584.7299075072299,585.213443892459,585.7007872682497,586.1918314164748,586.6864681982352,587.184587524283,587.6860773244472,588.1908235160226,588.6987099710725,589.2096184825699,589.723428729327,590.2400182725837,590.7592623173387,591.2810335175488,591.8052038435869,592.3316412416274,592.8602115484452,593.390779429878,593.9232061135758,594.4573497232418,594.9930671690838,595.5302121379297,596.0686351529237,596.6081850178052,597.1487073649076
ss_link2_y,630.1797900887844,631.8691288279514,633.5578340209622,635.2458251667008,636.9330085928194,638.6192931099777,640.3045917848423,641.9888146864033,643.6718640556822,645.3536561751189,647.0340974873928,648.7130955162085,650.39055960389,652.0663949099497,653.7405104571843,655.4128151357149,657.0832090721914,658.7516052467732,660.4179075650446,662.0820222177628,663.7438560646941,665.4033090790231,667.0602887388337,668.7147017544263,670.3664536482986,672.0154410106032,673.661573786402,675.3047528347854,676.9448801893137,678.5818617030809,680.2155957344812,681.8459852920377,683.4729315954339,685.0963356163459,686.7161036657391,688.3321270959045,689.9443114954948,691.5525539350396,693.1567544930577,694.7568118916583,696.3526244500744,697.9440897425616,699.5311052728317,701.1135691284288,702.6913762946242,704.2644226942961,705.8326059351009,707.3958168591404,708.9539562067523,710.5069137867589,712.0545831291463,713.5968577008114,715.1336294241281,716.6647902210035,718.1902319684705,719.7098436458181,721.2235139706074,722.7311365706738,724.2325947055407,725.7277787102831,727.2165737190934,728.6988674684247,730.1745436956643,731.6434864353068,733.1055811126621,734.5607097289919,736.0087514889832,737.4495896928482,738.8831031547219,740.3091704067432,741.7276695391902,743.1384764678461,744.5414653647936,745.9365104452784,747.3234850080098,748.7022601850128,750.0727059482145,751.4346908473635,752.7880819526501,754.132744795967,755.4685433093734,756.7953397607562,758.1129946865592,759.42136682141,760.7203130243827,762.0096882017243,763.2893453349113,764.5591347313216,765.8189034598821,767.0685014311093,768.3077705622735,769.5365511138687,770.754684599172,771.9620066410592,773.1583481759118,774.3435412827447,775.5174129988497,776.6797856115847,777.8304809956079,778.9693162690758
upper_ground_x,1168.7583081571001,1168.7583081571001,1168.7583081571001,1168.7583081571001,1168.7583081571001,1168.7583081571001,1168.7583081571001,1168.7583081571001,1168.7583081571001,1168.7583081571001,1168.7583081571001,1168.7583081571001,1168.7583081571001,1168.7583081571001,1168.7583081571001,1168.7583081571001,1168.7583081571001,1168.7583081571001,1168.7583081571001,1168.7583081571001,1168.7583081571001,1168.7583081571001,1168.7583081571001,1168.7583081571001,1168.7583081571001,1168.7583081571001,1168.7583081571001,1168.7583081571001,1168.7583081571001,1168.7583081571001,1168.7583081571001,1168.7583081571001,1168.7583081571001,1168.7583081571001,1168.7583081571001,1168.7583081571001,1168.7583081571001,1168.7583081571001,1168.7583081571001,1168.7583081571001,1168.7583081571001,1168.7583081571001,1168.7583081571001,1168.7583081571001,1168.7583081571001,1168.7583081571001,1168.7583081571001,1168.7583081571001,1168.7583081571001,1168.7583081571001,1168.7583081571001,1168.7583081571001,1168.7583081571001,1168.7583081571001,1168.7583081571001,1168.7583081571001,1168.7583081571001,1168.7583081571001,1168.7583081571001,1168.7583081571001,1168.7583081571001,1168.7583081571001,1168.7583081571001,1168.7583081571001,1168.7583081571001,1168.7583081571001,1168.7583081571001,1168.7583081571001,1168.7583081571001,1168.7583081571001,1168.7583081571001,1168.7583081571001,1168.7583081571001,1168.7583081571001,1168.7583081571001,1168.7583081571001,1168.7583081571001,1168.7583081571001,1168.7583081571001,1168.7583081571001,1168.7583081571001,1168.7583081571001,1168.7583081571001,1168.7583081571001,1168.7583081571001,1168.7583081571001,1168.7583081571001,1168.7583081571001,1168.7583081571001,1168.7583081571001,1168.7583081571001,1168.7583081571001,1168.7583081571001,1168.7583081571001,1168.7583081571001,1168.7583081571001,1168.7583081571001,1168.7583081571001,1168.7583081571001,1168.7583081571001
upper_ground_y,870.6921951818414,870.6921951818414,870.6921951818414,870.6921951818414,870.6921951818414,870.6921951818414,870.6921951818414,870.6921951818414,870.6921951818414,870.6921951818414,870.6921951818414,870.6921951818414,870.6921951818414,870.6921951818414,870.6921951818414,870.6921951818414,870.6921951818414,870.6921951818414,870.6921951818414,870.6921951818414,870.6921951818414,870.6921951818414,870.6921951818414,870.6921951818414,870.6921951818414,870.6921951818414,870.6921951818414,870.6921951818414,870.6921951818414,870.6921951818414,870.6921951818414,870.6921951818414,870.6921951818414,870.6921951818414,870.6921951818414,870.6921951818414,870.6921951818414,870.6921951818414,870.6921951818414,870.6921951818414,870.6921951818414,870.6921951818414,870.6921951818414,870.6921951818414,870.6921951818414,870.6921951818414,870.6921951818414,870.6921951818414,870.6921951818414,870.6921951818414,870.6921951818414,870.6921951818414,870.6921951818414,870.6921951818414,870.6921951818414,870.6921951818414,870.6921951818414,870.6921951818414,870.6921951818414,870.6921951818414,870.6921951818414,870.6921951818414,870.6921951818414,870.6921951818414,870.6921951818414,870.6921951818414,870.6921951818414,870.6921951818414,870.6921951818414,870.6921951818414,870.6921951818414,870.6921951818414,870.6921951818414,870.6921951818414,870.6921951818414,870.6921951818414,870.6921951818414,870.6921951818414,870.6921951818414,870.6921951818414,870.6921951818414,870.6921951818414,870.6921951818414,870.6921951818414,870.6921951818414,870.6921951818414,870.6921951818414,870.6921951818414,870.6921951818414,870.6921951818414,870.6921951818414,870.6921951818414,870.6921951818414,870.6921951818414,870.6921951818414,870.6921951818414,870.6921951818414,870.6921951818414,870.6921951818414,870.6921951818414
bottom_bracket_x,946.9365558912389,946.9365558912389,946.9365558912389,946.9365558912389,946.9365558912389,946.9365558912389,946.9365558912389,946.9365558912389,946.9365558912389,946.9365558912389,946.9365558912389,946.9365558912389,946.9365558912389,946.9365558912389,946.9365558912389,946.9365558912389,946.9365558912389,946.9365558912389,946.9365558912389,946.9365558912389,946.9365558912389,946.9365558912389,946.9365558912389,946.9365558912389,946.9365558912389,946.9365558912389,946.9365558912389,946.9365558912389,946.9365558912389,946.9365558912389,946.9365558912389,946.9365558912389,946.9365558912389,946.9365558912389,946.9365558912389,946.9365558912389,946.9365558912389,946.9365558912389,946.9365558912389,946.9365558912389,946.9365558912389,946.9365558912389,946.9365558912389,946.9365558912389,946.9365558912389,946.9365558912389,946.9365558912389,946.9365558912389,946.9365558912389,946.9365558912389,946.9365558912389,946.9365558912389,946.9365558912389,946.9365558912389,946.9365558912389,946.9365558912389,946.9365558912389,946.9365558912389,946.9365558912389,946.9365558912389,946.9365558912389,946.9365558912389,946.9365558912389,946.9365558912389,946.9365558912389,946.9365558912389,946.9365558912389,946.9365558912389,946.9365558912389,946.9365558912389,946.9365558912389,946.9365558912389,946.9365558912389,946.9365558912389,946.9365558912389,946.9365558912389,946.9365558912389,946.9365558912389,946.9365558912389,946.9365558912389,946.9365558912389,946.9365558912389,946.9365558912389,946.9365558912389,946.9365558912389,946.9365558912389,946.9365558912389,946.9365558912389,946.9365558912389,946.9365558912389,946.9365558912389,946.9365558912389,946.9365558912389,946.9365558912389,946.9365558912389,946.9365558912389,946.9365558912389,946.9365558912389,946.9365558912389,946.9365558912389
bottom_bracket_y,533.2290531520484,533.2290531520484,533.2290531520484,533.2290531520484,533.2290531520484,533.2290531520484,533.2290531520484,533.2290531520484,533.2290531520484,533.2290531520484,533.2290531520484,533.2290531520484,533.2290531520484,533.2290531520484,533.2290531520484,533.2290531520484,533.2290531520484,533.2290531520484,533.2290531520484,533.2290531520484,533.2290531520484,533.2290531520484,533.2290531520484,533.2290531520484,533.2290531520484,533.2290531520484,533.2290531520484,533.2290531520484,533.2290531520484,533.2290531520484,533.2290531520484,533.2290531520484,533.2290531520484,533.2290531520484,533.2290531520484,533.2290531520484,533.2290531520484,533.2290531520484,533.2290531520484,533.2290531520484,533.2290531520484,533.2290531520484,533.2290531520484,533.2290531520484,533.2290531520484,533.2290531520484,533.2290531520484,533.2290531520484,533.2290531520484,533.2290531520484,533.2290531520484,533.2290531520484,533.2290531520484,533.2290531520484,533.2290531520484,533.2290531520484,533.2290531520484,533.2290531520484,533.2290531520484,533.2290531520484,533.2290531520484,533.2290531520484,533.2290531520484,533.2290531520484,533.2290531520484,533.2290531520484,533.2290531520484,533.2290531520484,533.2290531520484,533.2290531520484,533.2290531520484,533.2290531520484,533.2290531520484,533.2290531520484,533.2290531520484,533.2290531520484,533.2290531520484,533.2290531520484,533.2290531520484,533.2290531520484,533.2290531520484,533.2290531520484,533.2290531520484,533.2290531520484,533.2290531520484,533.2290531520484,533.2290531520484,533.2290531520484,533.2290531520484,533.2290531520484,533.2290531520484,533.2290531520484,533.2290531520484,533.2290531520484,533.2290531520484,533.2290531520484,533.2290531520484,533.2290531520484,533.2290531520484,533.2290531520484
front_wheel_x,1761.5256797583083,1761.5256797583083,1761.5256797583083,1761.5256797583083,1761.5256797583083,1761.5256797583083,1761.5256797583083,1761.5256797583083,1761.5256797583083,1761.5256797583083,1761.5256797583083,1761.5256797583083,1761.5256797583083,1761.5256797583083,1761.5256797583083,1761.5256797583083,1761.5256797583083,1761.5256797583083,1761.5256797583083,1761.5256797583083,1761.5256797583083,1761.5256797583083,1761.5256797583083,1761.5256797583083,1761.5256797583083,1761.5256797583083,1761.5256797583083,1761.5256797583083,1761.5256797583083,1761.5256797583083,1761.5256797583083,1761.5256797583083,1761.5256797583083,1761.5256797583083,1761.5256797583083,1761.5256797583083,1761.5256797583083,1761.5256797583083,1761.5256797583083,1761.5256797583083,1761.5256797583083,1761.5256797583083,1761.5256797583083,1761.5256797583083,1761.5256797583083,1761.5256797583083,1761.5256797583083,1761.5256797583083,1761.5256797583083,1761.5256797583083,1761.5256797583083,1761.5256797583083,1761.5256797583083,1761.5256797583083,1761.5256797583083,1761.5256797583083,1761.5256797583083,1761.5256797583083,1761.5256797583083,1761.5256797583083,1761.5256797583083,1761.5256797583083,1761.5256797583083,1761.5256797583083,1761.5256797583083,1761.5256797583083,1761.5256797583083,1761.5256797583083,1761.5256797583083,1761.5256797583083,1761.5256797583083,1761.5256797583083,1761.5256797583083,1761.5256797583083,1761.5256797583083,1761.5256797583083,1761.5256797583083,1761.5256797583083,1761.5256797583083,1761.5256797583083,1761.5256797583083,1761.5256797583083,1761.5256797583083,1761.5256797583083,1761.5256797583083,1761.5256797583083,1761.5256797583083,1761.5256797583083,1761.5256797583083,1761.5256797583083,1761.5256797583083,1761.5256797583083,1761.5256797583083,1761.5256797583083,1761.5256797583083,1761.5256797583083,1761.5256797583083,1761.5256797583083,1761.5256797583083,1761.5256797583083
front_wheel_y,576.1111098740664,576.1111098740664,576.1111098740664,576.1111098740664,576.1111098740664,576.1111098740664,576.1111098740664,576.1111098740664,576.1111098740664,576.1111098740664,576.1111098740664,576.1111098740664,576.1111098740664,576.1111098740664,576.1111098740664,576.1111098740664,576.1111098740664,576.1111098740664,576.1111098740664,576.1111098740664,576.1111098740664,576.1111098740664,576.1111098740664,576.1111098740664,576.1111098740664,576.1111098740664,576.1111098740664,576.1111098740664,576.1111098740664,576.1111098740664,576.1111098740664,576.1111098740664,576.1111098740664,576.1111098740664,576.1111098740664,576.1111098740664,576.1111098740664,576.1111098740664,576.1111098740664,576.1111098740664,576.1111098740664,576.1111098740664,576.1111098740664,576.1111098740664,576.1111098740664,576.1111098740664,576.1111098740664,576.1111098740664,576.1111098740664,576.1111098740664,576.1111098740664,576.1111098740664,576.1111098740664,576.1111098740664,576.1111098740664,576.1111098740664,576.1111098740664,576.1111098740664,576.1111098740664,576.1111098740664,576.1111098740664,576.1111098740664,576.1111098740664,576.1111098740664,576.1111098740664,576.1111098740664,576.1111098740664,576.1111098740664,576.1111098740664,576.1111098740664,576.1111098740664,576.1111098740664,576.1111098740664,576.1111098740664,576.1111098740664,576.1111098740664,576.1111098740664,576.1111098740664,576.1111098740664,576.1111098740664,576.1111098740664,576.1111098740664,576.1111098740664,576.1111098740664,576.1111098740664,576.1111098740664,576.1111098740664,576.1111098740664,576.1111098740664,576.1111098740664,576.1111098740664,576.1111098740664,576.1111098740664,576.1111098740664,576.1111098740664,576.1111098740664,576.1111098740664,576.1111098740664,576.1111098740664,576.1111098740664
ground_1_x,1000.9939577039279,1000.9939577039279,1000.9939577039279,1000.9939577039279,1000.9939577039279,1000.9939577039279,1000.9939577039279,1000.9939577039279,1000.9939577039279,1000.9939577039279,1000.9939577039279,1000.9939577039279,1000.9939577039279,1000.9939577039279,1000.9939577039279,1000.9939577039279,1000.9939577039279,1000.9939577039279,1000.9939577039279,1000.9939577039279,1000.9939577039279,1000.9939577039279,1000.9939577039279,1000.9939577039279,1000.9939577039279,1000.9939577039279,1000.9939577039279,1000.9939577039279,1000.9939577039279,1000.9939577039279,1000.9939577039279,1000.9939577039279,1000.9939577039279,1000.9939577039279,1000.9939577039279,1000.9939577039279,1000.9939577039279,1000.9939577039279,1000.9939577039279,1000.9939577039279,1000.9939577039279,1000.9939577039279,1000.9939577039279,1000.9939577039279,1000.9939577039279,1000.9939577039279,1000.9939577039279,1000.9939577039279,1000.9939577039279,1000.9939577039279,1000.9939577039279,1000.9939577039279,1000.9939577039279,1000.9939577039279,1000.9939577039279,1000.9939577039279,1000.9939577039279,1000.9939577039279,1000.9939577039279,1000.9939577039279,1000.9939577039279,1000.9939577039279,1000.9939577039279,1000.9939577039279,1000.9939577039279,1000.9939577039279,1000.9939577039279,1000.9939577039279,1000.9939577039279,1000.9939577039279,1000.9939577039279,1000.9939577039279,1000.9939577039279,1000.9939577039279,1000.9939577039279,1000.9939577039279,1000.9939577039279,1000.9939577039279,1000.9939577039279,1000.9939577039279,1000.9939577039279,1000.9939577039279,1000.9939577039279,1000.9939577039279,1000.9939577039279,1000.9939577039279,1000.9939577039279,1000.9939577039279,1000.9939577039279,1000.9939577039279,1000.9939577039279,1000.9939577039279,1000.9939577039279,1000.9939577039279,1000.9939577039279,1000.9939577039279,1000.9939577039279,1000.9939577039279,1000.9939577039279,1000.9939577039279
ground_1_y,723.4016525279537,723.4016525279537,723.4016525279537,723.4016525279537,723.4016525279537,723.4016525279537,723.4016525279537,723.4016525279537,723.4016525279537,723.4016525279537,723.4016525279537,723.4016525279537,723.4016525279537,723.4016525279537,723.4016525279537,723.4016525279537,723.4016525279537,723.4016525279537,723.4016525279537,723.4016525279537,723.4016525279537,723.4016525279537,723.4016525279537,723.4016525279537,723.4016525279537,723.4016525279537,723.4016525279537,723.4016525279537,723.4016525279537,723.4016525279537,723.4016525279537,723.4016525279537,723.4016525279537,723.4016525279537,723.4016525279537,723.4016525279537,723.4016525279537,723.4016525279537,723.4016525279537,723.4016525279537,723.4016525279537,723.4016525279537,723.4016525279537,723.4016525279537,723.4016525279537,723.4016525279537,723.4016525279537,723.4016525279537,723.4016525279537,723.4016525279537,723.4016525279537,723.4016525279537,723.4016525279537,723.4016525279537,723.4016525279537,723.4016525279537,723.4016525279537,723.4016525279537,723.4016525279537,723.4016525279537,723.4016525279537,723.4016525279537,723.4016525279537,723.4016525279537,723.4016525279537,723.4016525279537,723.4016525279537,723.4016525279537,723.4016525279537,723.4016525279537,723.4016525279537,723.4016525279537,723.4016525279537,723.4016525279537,723.4016525279537,723.4016525279537,723.4016525279537,723.4016525279537,723.4016525279537,723.4016525279537,723.4016525279537,723.4016525279537,723.4016525279537,723.4016525279537,723.4016525279537,723.4016525279537,723.4016525279537,723.4016525279537,723.4016525279537,723.4016525279537,723.4016525279537,723.4016525279537,723.4016525279537,723.4016525279537,723.4016525279537,723.4016525279537,723.4016525279537,723.4016525279537,723.4016525279537,723.4016525279537
ShockLength,192.59187466430492,191.98747130620748,191.3809098735796,190.77223562612846,190.16149900943677,189.54875035752525,188.9340392808386,188.31741714399178,187.6989387401418,187.0786547895896,186.45662013652,185.8328900098523,185.2075197677401,184.58056697654393,183.95208863125958,183.32214253750277,182.69079032210638,182.05808991525052,181.4241031822121,180.78889197314604,180.15251868532036,179.51504891396507,178.87654641273846,178.2370759874885,177.59670364640434,176.95549933209318,176.31352907387023,175.67086288789352,175.02757116451986,174.38372372855466,173.7393938364885,173.0946538812466,172.44957766477336,171.80423984930906,171.15871397041414,170.5130796314137,169.8674121422162,169.2217905838785,168.57629371113643,167.9310014927325,167.2859947634441,166.64135533506249,165.99716574530413,165.3535090130114,164.71046993331137,164.06813362809547,163.42658526593007,162.78591304154872,162.14620224956954,161.50754264803302,160.87002324306954,160.23373360875587,159.598764386641,158.96520671420546,158.3331522144686,157.70269397118255,157.0739255675571,156.44693924244788,155.82183121619457,155.19869553554298,154.57762833753517,153.9587250812993,153.34208280831356,152.727798598907,152.1159691522749,151.50669240578654,150.90006725740105,150.2961911423837,149.69516293239857,149.09708142860362,148.50204535869884,147.9101539027811,147.32150647579678,146.73620205482993,146.1543394357817,145.57601757740392,145.00133518416453,144.43039071355577,143.86328231133706,143.30010774410493,142.7409643296209,142.18594886485374,141.63515755172844,141.0886859206117,140.54662875156887,140.00907999342232,139.47613264628444,138.94787888536058,138.42441011597214,137.90581496576792,137.39218254177442,136.8836003164711,136.38015312800303,135.88192523740577,135.38899980084653,134.90145698726394,134.4193757002407,133.9428333273557,133.47190432494583,133.0066613479122
LeverageRatio,3.0348185832810857,3.024361006443264,3.014056405551325,3.0039022688172055,2.9938982564575416,2.984044360543687,2.9743395907314483,2.9647822565859046,2.9553740070027743,2.946112938574645,2.936998849384719,2.9280317190492244,2.9192106095026893,2.9105359422210326,2.9020075479467495,2.893623817005172,2.8853869046916754,2.87729522985982,2.869349234638152,2.8615491384809513,2.8538938058862993,2.8463848165492407,2.839022284956352,2.831806288374557,2.824735402039308,2.8178126558016845,2.811036680867092,2.80440819231159,2.797928530390598,2.7915967064994995,2.785414336956418,2.779381725186431,2.7734995500519384,2.767769813323471,2.7621899482029986,2.7567640859847846,2.751491189365028,2.746372938957246,2.741410040482139,2.7366034694519774,2.731954160763385,2.7274632627671163,2.7231321454618755,2.718961263915679,2.7149521577372213,2.711106638053985,2.707424251812599,2.7039091677026628,2.7005598281728007,2.6973787732112893,2.694367545226412,2.6915272871504072,2.6888596260084654,2.6863662193655142,2.6840478665829637,2.6819061855737267,2.6799445138494877,2.6781612791019973,2.6765605671035537,2.675142463923928,2.6739096711193393,2.67286264075468,2.6720032866233256,2.6713339505911153,2.6708552247039496,2.6705678413158456,2.6704751238607956,2.6705771259089675,2.6708754348792056,2.671371542300557,2.6720661686869986,2.6729600990225597,2.67405478078192,2.675351175810599,2.6768495685301206,2.678550531314381,2.6804543592347327,2.682561136006207,2.684870709294866,2.6873826630823148,2.6900962875142564,2.693010545909106,2.696124038746546,2.6994349641778728,2.7029410748848965,2.7066396939604678,2.7105272140001295,2.7145991008329764,2.718853919163501,2.7232830379819735,2.727880816518434,2.7326428087156716,2.737559078482871,2.74261929623444,2.747816103498195,2.7531367164692764,2.758567086154018,2.7640949788393647,2.769703366433974,2.769703366433974
VerticalTravel,0.0,1.8342545429516122,3.668715287803707,5.503293802227972,7.337886910757902,9.1723940313625,11.006719153113067,12.840762787257972,14.674416585073914,16.50758764949694,18.340171989147052,20.1720666534967,22.003170558550664,23.83337779826786,25.662586611125562,27.490694930007407,29.31759073739738,31.143176205932377,32.96734320869825,34.78998600526552,36.610999438795375,38.43027047070598,40.24769429552612,42.06316508338125,43.87657550576455,45.6878080323396,47.49675995060852,49.303318172942,51.107370752017346,52.90880986232321,54.7075190669143,56.50338698185374,58.29630002927183,60.086144170093576,61.872811211418025,63.65617589281976,65.43612883852734,67.2125508679577,68.98532601143802,70.75433657801557,72.51946423120603,74.28058959976534,76.03759304008827,77.79035537843754,79.53875372732591,81.28266606516479,83.02197208846405,84.75654360621684,86.48626348132768,88.21100194511405,89.93063325557284,91.64503139563158,93.35406838345443,95.05761602961422,96.75554588650527,98.44772598936686,100.13402386034329,101.81431242257838,103.48845253374589,105.15631292453315,106.81775615887409,108.47264756121047,110.12084765538407,111.76221708183925,113.39661785459896,115.02390783624799,116.64394144925973,118.25657759230728,119.86166978191955,121.45907097846111,123.0486334022471,124.63020653713977,126.20363762186116,127.76877370696036,129.32546054899126,130.8735411660614,132.41285699580976,133.943247590934,135.46455055062847,136.97660145040982,138.47923376867084,139.972278809954,141.45556562479555,142.9289209259424,144.3921690006399,145.8451316187876,147.2876280633419,148.71947425822395,150.14048210891997,151.5504665655119,152.94923303353096,154.33658472955813,155.71232606869353,157.07625435375144,158.42816116766357,159.76783916197064,161.0950748535971,162.40964895859543,163.71134144954635,164.99992648924615
AxlePathX,0.0,-0.2227388198286917,-0.43722606770040784,-0.6434583358771988,-0.8414309261252129,-1.0311407265035086,-1.2125864439598217,-1.3857673729854696,-1.550682721451608,-1.707335027355498,-1.8557264122282504,-1.9958603208752947,-2.127741598392845,-2.2513756624599637,-2.366769616233455,-2.4739316748557485,-2.5728701445306115,-2.663596082396566,-2.74612060798097,-2.820456299588045,-2.886616981794191,-2.94461697605675,-2.994472587525138,-3.036201210882382,-3.069821311674673,-3.0953518295597178,-3.112814065159455,-3.122229783921739,-3.123622103487378,-3.11701563719123,-3.102435743727483,-3.0799093540664444,-3.049464546716422,-3.0111306577192636,-2.964938523185424,-2.9109195923923608,-2.849107234768894,-2.779535763334252,-2.7022409088502855,-2.617259663518098,-2.524630326001784,-2.424392505476021,-2.3165871432032645,-2.2012565170496146,-2.078444226995771,-1.9481952449801838,-1.8105558892665385,-1.6655738890472094,-1.5132982577229086,-1.353779506081537,-1.1870695122000825,-1.0132215507032925,-0.8322903407798776,-0.6443320199762184,-0.4494041442588923,-0.247565814474342,-0.038877604707408864,0.17659870816135026,0.3987993778719101,0.6276595443511042,0.863112582878216,1.1050905411008216,1.3535237135772604,1.6083408967581363,1.8694694885144827,2.1368351118784403,2.4103616082843473,2.6899716289755133,2.975585891373612,3.267123521534245,3.564502039756576,3.867637172011314,4.176442864954083,4.490831469922,4.810713638810171,5.135998162198348,5.466592068455725,5.802400579764935,6.143327090870002,6.4892731473711365,6.8401384233903855,7.195820698600642,7.5562158346023125,7.921217750617529,8.290718398467106,8.66460773679637,9.042773722592074,9.425102173326081,9.811476646444248,10.201779481725794,10.595889929762848,10.993685203413293,11.395041026354306,11.799830327277391,12.207923406889336,12.619189048286557,13.033493334311402,13.450699664409967,13.87066962262179,14.293262102212566
IFC_x,964.0646832534508,964.1373815272327,964.2134174458296,964.2928380077244,964.3756920570784,964.462028796951,964.5518976580857,964.6453490587625,964.7424349370644,964.8432066348905,964.9477173157075,965.0560209397053,965.1681722441574,965.284227407095,965.4042432982606,965.5282779425526,965.6563914774528,965.788644003619,965.925097908904,966.0658167774704,966.2108656315995,966.3603118198072,966.5142235783795,966.6726709890797,966.8357261214732,967.003463995771,967.1759602353893,967.3532936429457,967.5355451900301,967.722797823349,967.9151378885562,968.1126538722805,968.315437279935,968.523582605742,968.7371867998793,968.9563519131752,969.1811817027693,969.4117846030802,969.6482724907265,969.8907614302643,970.1393717682241,970.3942284042737,970.6554609393451,970.923203831691,971.1975971764037,971.4787864330281,971.7669225983475,972.0621637628209,972.3646729860088,972.6746217506378,972.9921881670452,973.3175579282479,973.6509249759191,973.9924917145848,974.3424694979934,974.7010796373116,975.0685535273144,975.445132294217,975.8310701602396,976.2266320011825,976.6320962979997,977.0477544609024,977.4739129294135,977.910893249278,978.3590327779254,978.8186867098078,979.2902291132151,979.7740526095836,980.2705715348053,980.7802224242073,981.3034655379948,981.8407869084232,982.3927000263852,982.9597472994571,983.5425023458135,984.1415725842542,984.7576014246765,985.3912710043949,986.0433051116274,986.7144723750715,987.4055897486692,988.1175263238562,988.8512075058065,989.6076195949195,990.3878148201227,991.1929168769599,992.0241269878385,992.882730899012,993.7701065634288,994.6877298003825,995.6371878646024,996.6201870536594,997.638562529475,998.6942941175708,999.789520021209,1000.926549642675,1002.1078843206438,1003.3362372758708,1004.6145536501774,1005.9460383054821
IFC_y,595.9611932327207,595.9241786856179,595.8870523555044,595.8497593113706,595.8122435524699,595.7744480507649,595.7363147546939,595.6977845116537,595.6587969747584,595.6192907954419,595.5792033548987,595.5384708351303,595.4970282006319,595.4548090778165,595.4117458295416,595.3677694634367,595.3228094307236,595.2767939560342,595.2296496076557,595.1813014446658,595.1316729391154,595.0806857489587,595.0282599719362,594.9743139126659,594.9187640024919,594.8615245150751,594.8025080735739,594.7416249886058,594.6787834396287,594.6138894774335,594.5468465892139,594.4775559675141,594.4059162127123,594.3318232714104,594.2551705269786,594.1758479447393,594.093742996596,594.008739698065,593.9207188936323,593.8295579403285,593.7351305837658,593.6373067734776,593.5359525127706,593.4309297022438,593.3220957646578,593.2093036169897,593.0924014920555,592.9712322631902,592.8456340557066,592.7154388800908,592.5804731121807,592.4405569933185,592.2955042165976,592.1451216673568,591.9892090536891,591.8275583257068,591.6599534117693,591.4861701326937,591.305974669884,591.1191242478329,590.9253657222033,590.7244355532353,590.5160586734454,590.2999481266603,590.0758044414812,589.8433144475478,589.6021504539892,589.3519699550843,589.0924138896972,588.823105949055,588.5436514252788,588.253635800344,587.9526234361293,587.6401563123339,587.3157523620596,586.978903620116,586.6290744735336,586.265699610295,585.8881818090302,585.4958895280878,585.0881542721944,584.6642677124063,584.2234785319064,583.7649889666449,583.2879510057998,582.7914622122684,582.2745611370749,581.7362221219475,581.1753495750356,580.5907729168567,579.9812377000796,579.3453990898748,578.6818140226146,577.9889302509094,577.2650758798485,576.5084488351888,575.7171021214563,574.888928781754,574.0216460978469,573.112775326353
CLINE_0_x,958.5295376069223,958.7973959051402,959.0647053455001,959.3314559079074,959.5976355527275,959.863232728123,960.1282366468907,960.3926361306476,960.6564188499907,960.9195747857367,961.1820924465875,961.4439605994567,961.7051683828073,961.9657043633422,962.2255577990151,962.4847180091356,962.7431730296294,963.0009129851856,963.2579266675274,963.5142033069728,963.7697323184794,964.0245021339812,964.2785024279368,964.531722833989,964.7841528807614,965.0357808063854,965.2865969778524,965.5365904465244,965.7857505230512,966.0340671770812,966.281529313702,966.5281266230386,966.7738485991146,967.0186847740367,967.2626255594513,967.5056591849885,967.7477761015394,967.988965550417,968.2292172984996,968.4685209814248,968.7068662466501,968.9442427021514,969.1806400166815,969.4160480159833,969.6504561353797,969.8838540199246,970.1162316324683,970.3475780060348,970.5778837014337,970.8071377366072,971.035329746366,971.262449423208,971.4884863001307,971.7134299766527,971.9372701113674,972.1599960066069,972.3815969932876,972.6020631789589,972.8213832326563,973.0395469133645,973.2565432920806,973.4723618791583,973.6869916724377,973.9004217767115,974.112641558788,974.3236399569624,974.5334055734497,974.7419276578668,974.9491948814405,975.1551959377362,975.3599195191763,975.5633540712727,975.7654878547647,975.9663091983606,976.1658063623444,976.3639673626318,976.5607801131931,976.7562323893223,976.9503118198604,977.1430058792682,977.3343018793481,977.5241869606152,977.7126480833008,977.8996720179674,978.0852453356983,978.2693543978421,978.4519853603585,978.6331240707862,978.8127559915604,978.9908670382673,979.1674420862543,979.3424658462848,979.5159232629534,979.6877985342588,979.858075279903,980.0267373390368,980.193767924515,980.3591496652459,980.5228651976608,980.6848965744211
CLINE_0_y,596.9679388260165,596.9186382204407,596.8682766139547,596.8168603606331,596.7643963385361,596.7108914837643,596.6563527229769,596.6007872028848,596.5442024641396,596.486605702044,596.428004569533,596.3684068124346,596.3078202380752,596.2462529329242,596.1837129691212,596.1202085459107,596.0557483274249,595.9903406083897,595.9239941600936,595.8567177913989,595.7885204083217,595.7194113301265,595.6493996933617,595.5784947876886,595.506706076022,595.4340435426134,595.3605167123005,595.2861356371405,595.2109104471585,595.134851222233,595.057968517786,594.9802728021916,594.9017747560234,594.82248520088,594.7424148213826,594.6615751718255,594.579977231297,594.4976325346445,594.4145525960759,594.3307491299372,594.2462340034153,594.1610192556637,594.0751170628682,593.9885397021576,593.901299753922,593.8134098839025,593.7248827979902,593.63573171957,593.5459694474812,593.455609540264,593.3646654853304,593.2731509126996,593.1810796834031,593.0884658001432,592.9953234096344,592.9016669775361,592.80751113255,592.7128703436454,592.6177598691032,592.522194675484,592.4261902047715,592.329761883762,592.232925546454,592.1356971621224,592.0380927616983,591.9401287544961,591.8418218943352,591.7431888197566,591.644246627924,591.5450125966598,591.4455041954895,591.3457392067346,591.2457356999306,591.1455119090114,591.0450862995822,590.9444776598234,590.8437050321623,590.7427877340506,590.6417453644544,590.5405978105204,590.4393652545158,590.3380681810529,590.2367273846028,590.1353639773168,590.0339993971771,589.9326554164896,589.8313541423463,589.7301180770447,589.6289701660264,589.5279333266027,589.4270312927547,589.326288128514,589.2257279968836,589.1253757265915,589.0252567250618,588.9253965129114,588.8258212217218,588.7265575773561,588.6276325489309,588.5290737049488
CLINE_1_x,545.9839999329953,546.1877445107265,546.3988667701313,546.6173541649753,546.8431922240125,547.076365666373,547.3168586097485,547.56465396145,547.8197328827581,548.0820768831537,548.351665544686,548.6284775372538,548.9124907220457,549.2036814773114,549.502025596432,549.807497858493,550.1200709081172,550.4397179647183,550.7664100629747,551.1001174771183,551.4408095290909,551.7884534787859,552.1430165807495,552.5044649350071,552.8727634035105,553.2478743193798,553.6297610443381,554.01838438054,554.4137041907849,554.8156798914335,555.2242684584967,555.6394265456436,556.0611093467732,556.4892708588869,556.9238649793185,557.3648415180332,557.812151901532,558.2657446868376,558.7255678500343,559.1915678968055,559.6636900451916,560.1418781398604,560.6260747901597,561.1162215187932,561.6122579047251,562.1141224888937,562.6217529719079,563.1350841629802,563.6540520196511,564.1785885455245,564.7086253590916,565.2440927741452,565.7849194059586,566.3310325573608,566.8823582068209,567.4388202206886,568.0003410375876,568.5668431298991,569.138244710226,569.7144646127731,570.2954188116851,570.8810226530176,571.471188913714,572.0658290428996,572.6648535083009,573.2681703205277,573.875685173486,574.4873036016826,575.1029282848913,575.722460347087,576.3457993046688,576.9728424865765,577.6034851482407,578.2376210579928,578.8751421757783,579.5159382111436,580.1598969491085,580.8069041477049,581.4568435043444,582.1095966214914,582.7650429711472,583.423059858141,584.083522382182,584.7463033986105,585.411273477756,586.0783008628324,586.747251468376,587.4179885783403,588.0903726034929,588.7642634584397,589.4395163123338,590.1159840345442,590.7935183775644,591.4719671101741,592.1511744524053,592.8309834560852,593.5112334756008,594.1917602521838,594.8723977236372,595.5529762075138
CLINE_1_y,672.0027127253338,673.7584709517346,675.5127460567029,677.2654597248547,679.0165197319561,680.7658365396196,682.5133251655288,684.2588974999092,686.0024572002466,687.7439228258221,689.4832025702424,691.2202058158706,692.954843909519,694.6870238204057,696.4166566394508,698.1436533543574,699.8679157426218,701.5893591837253,703.3078895163799,705.0234150256081,706.73584473471,708.4450804432163,710.1510318928488,711.8536080447103,713.5527166371273,715.2482560366659,716.940138696255,718.6282675331281,720.3125467289669,721.99288450742,723.6691812378621,725.3413422040791,727.009270833787,728.6728703180364,730.3320494759572,731.9867014438457,733.6367343268109,735.2820473100293,736.9225427567238,738.5581216274984,740.1886844807776,741.8141311140315,743.4343612705511,745.0492753242165,746.6587704180108,748.2627446967101,749.8610980871168,751.4537234524685,753.0405240339535,754.6213916507676,756.1962220355354,757.7649108728715,759.3273522504442,760.8834402738977,762.4330690199951,763.9761295561666,765.5125126963433,767.0421144011307,768.5648198224037,770.0805215205752,771.589106646271,773.0904650864454,774.5844825757973,776.0710451810158,777.5500404405373,779.0213523438211,780.4848619887358,781.9404547658023,783.3880114136169,784.8274124022549,786.2585377669723,787.6812653046038,789.0954710241474,790.5010310081815,791.8978204141564,793.2857121746792,794.6645780467007,796.034288340122,797.3947118595694,798.7457158448303,800.08716590846,801.4189259705556,802.7408581905646,804.0528228959556,805.3546785074819,806.6462814608615,807.9274862379139,809.1981445906695,810.4581049582964,811.7072187797696,812.9453292498134,814.1722778997071,815.3879076168314,816.5920552362472,817.7845527945315,818.9652335770952,820.13392570751,821.2904524546893,822.4346367313823,823.5662965948948
AS_Point_x,1761.5256797583083,1761.5256797583083,1761.5256797583083,1761.5256797583083,1761.5256797583083,1761.5256797583083,1761.5256797583083,1761.5256797583083,1761.5256797583083,1761.5256797583083,1761.5256797583083,1761.5256797583083,1761.5256797583083,1761.5256797583083,1761.5256797583083,1761.5256797583083,1761.5256797583083,1761.5256797583083,1761.5256797583083,1761.5256797583083,1761.5256797583083,1761.5256797583083,1761.5256797583083,1761.5256797583083,1761.5256797583083,1761.5256797583083,1761.5256797583083,1761.5256797583083,1761.5256797583083,1761.5256797583083,1761.5256797583083,1761.5256797583083,1761.5256797583083,1761.5256797583083,1761.5256797583083,1761.5256797583083,1761.5256797583083,1761.5256797583083,1761.5256797583083,1761.5256797583083,1761.5256797583083,1761.5256797583083,1761.5256797583083,1761.5256797583083,1761.5256797583083,1761.5256797583083,1761.5256797583083,1761.5256797583083,1761.5256797583083,1761.5256797583083,1761.5256797583083,1761.5256797583083,1761.5256797583083,1761.5256797583083,1761.5256797583083,1761.5256797583083,1761.5256797583083,1761.5256797583083,1761.5256797583083,1761.5256797583083,1761.5256797583083,1761.5256797583083,1761.5256797583083,1761.5256797583083,1761.5256797583083,1761.5256797583083,1761.5256797583083,1761.5256797583083,1761.5256797583083,1761.5256797583083,1761.5256797583083,1761.5256797583083,1761.5256797583083,1761.5256797583083,1761.5256797583083,1761.5256797583083,1761.5256797583083,1761.5256797583083,1761.5256797583083,1761.5256797583083,1761.5256797583083,1761.5256797583083,1761.5256797583083,1761.5256797583083,1761.5256797583083,1761.5256797583083,1761.5256797583083,1761.5256797583083,1761.5256797583083,1761.5256797583083,1761.5256797583083,1761.5256797583083,1761.5256797583083,1761.5256797583083,1761.5256797583083,1761.5256797583083,1761.5256797583083,1761.5256797583083,1761.5256797583083,1761.5256797583083
AS_Point_y,1315.2440012147035,1311.2392240518,1307.2447596207658,1303.2603907152481,1299.2859249210665,1295.321162208437,1291.3658913897802,1287.4199047161278,1283.4830071960812,1279.5549728269652,1275.6355921552222,1271.724650263308,1267.8219252465228,1263.927199771083,1260.0402452118144,1256.1608293385739,1252.2887325727806,1248.4237064146646,1244.5655152233046,1240.7139142720944,1236.868652672786,1233.0294871919925,1229.1961551591767,1225.3683897736228,1221.5459205834536,1217.728487189488,1213.915798382628,1210.1075727241994,1206.30351951477,1202.5033338639919,1198.7067164556715,1194.9133515819588,1191.1229182102159,1187.335086846074,1183.5495095358483,1179.7658543252492,1175.9837545659025,1172.2028475020393,1168.422754047313,1164.6430856748448,1160.8634422204755,1157.0834118407024,1153.302569262377,1149.5204740768709,1145.736675997195,1141.9507075307624,1138.1620820929988,1134.3703065331263,1130.5748539832284,1126.7751956592856,1122.970776830534,1119.1610217698762,1115.345334897348,1111.523097236727,1107.693665265781,1103.8563737923778,1100.0105305664933,1096.1554073869825,1092.290260574397,1088.4143040751385,1084.526725264132,1080.6266719555738,1076.7132595550934,1072.7855628361638,1068.8426122180235,1064.883397727438,1060.9068652764895,1056.9119048280509,1052.8973585117067,1048.8620117876537,1044.8045901388314,1040.7237573710947,1036.6181108770193,1032.486175066073,1028.3263977978763,1024.1371466542191,1019.9167021802407,1015.6632521707612,1011.3748852239826,1007.0495837579818,1002.6852164390643,998.2795299635898,993.8301401281094,989.3345221150881,984.7899999133159,980.1937347817452,975.5427125662402,970.8337304683225,966.0633822326314,961.2280370650784,956.3238296503949,951.3466351133409,946.2920454522933,941.1553500000125,935.9315073874344,930.6151128748859,925.2003690253331,919.6810487603672,914.0504532420653,908.301368673997
Tyre_Contact_x,527.5256797583082,527.3029409384795,527.0884536906078,526.882221422431,526.684248832183,526.4945390318047,526.3130933143484,526.1399123853228,525.9749970368566,525.8183447309527,525.66995334608,525.5298194374329,525.3979381599154,525.2743040958483,525.1589101420748,525.0517480834525,524.9528096137776,524.8620836759117,524.7795591503273,524.7052234587202,524.639062776514,524.5810627822515,524.5312071707831,524.4894785474258,524.4558584466336,524.4303279287485,524.4128656931488,524.4034499743865,524.4020576548209,524.408664121117,524.4232440145807,524.4457704042418,524.4762152115918,524.514549100589,524.5607412351228,524.6147601659159,524.6765725235393,524.746143994974,524.823438849458,524.9084200947901,525.0010494323064,525.1012872528322,525.209092615105,525.3244232412586,525.4472355313125,525.577484513328,525.7151238690417,525.860105869261,526.0123815005853,526.1719002522267,526.3386102461081,526.5124582076049,526.6933894175284,526.881347738332,527.0762756140493,527.2781139438339,527.4868021536008,527.7022784664696,527.9244791361801,528.1533393026593,528.3887923411864,528.630770299409,528.8792034718855,529.1340206550664,529.3951492468227,529.6625148701867,529.9360413665926,530.2156513872837,530.5012656496818,530.7928032798425,531.0901817980648,531.3933169303195,531.7021226232623,532.0165112282302,532.3363933971184,532.6616779205066,532.992271826764,533.3280803380732,533.6690068491782,534.0149529056794,534.3658181816986,534.7215004569089,535.0818955929105,535.4468975089258,535.8163981567753,536.1902874951046,536.5684534809003,536.9507819316343,537.3371564047525,537.727459240034,538.1215696880711,538.5193649617215,538.9207207846625,539.3255100855856,539.7336031651976,540.1448688065948,540.5591730926196,540.9763794227182,541.39634938093,541.8189418605208
Tyre_Contact_y,202.21779812771615,204.05205267066776,205.88651341551986,207.72109192994412,209.55568503847405,211.39019215907865,213.22451728082922,215.05856091497412,216.89221471279006,218.7253857772131,220.5579701168632,222.38986478121285,224.22096868626681,226.051175925984,227.8803847388417,229.70849305772356,231.53538886511353,233.36097433364853,235.1851413364144,237.00778413298167,238.82879756651153,240.64806859842213,242.46549242324227,244.2809632110974,246.0943736334807,247.90560616005575,249.71455807832467,251.52111630065815,253.3251688797335,255.12660799003936,256.92531719463045,258.7211851095699,260.514098156988,262.3039422978097,264.0906093391342,265.8739740205359,267.6539269662435,269.43034899567385,271.20312413915417,272.9721347057317,274.7372623589222,276.4983877274815,278.2553911678044,280.0081535061537,281.75655185504206,283.50046419288094,285.2397702161802,286.974341733933,288.70406160904383,290.4288000728302,292.148431383289,293.8628295233477,295.5718665111706,297.2754141573304,298.9733440142214,300.665524117083,302.35182198805944,304.03211055029453,305.70625066146204,307.3741110522493,309.03555428659024,310.6904456889266,312.3386457831002,313.9800152095554,315.6144159823151,317.24170596396414,318.8617395769759,320.47437572002343,322.0794679096357,323.67686910617726,325.26643152996326,326.8480046648559,328.4214357495773,329.9865718346765,331.5432586767074,333.09133929377754,334.6306551235259,336.16104571865014,337.6823486783446,339.19439957812597,340.697031896387,342.19007693767014,343.6733637525117,345.14671905365856,346.60996712835606,348.06292974650376,349.50542619105806,350.9372723859401,352.3582802366361,353.76826469322805,355.1670311612471,356.5543828572743,357.9301241964097,359.2940524814676,360.6459592953797,361.9856372896868,363.31287298131326,364.6274470863116,365.9291395772625,367.2177246169623
AntiSquatPercent,101.18420028063522,100.82012962946216,100.45699649936815,100.09478114432109,99.73346607212275,99.37303309824735,99.01346302382402,98.65473696258287,98.29683718803318,97.93974315447718,97.58343582068237,97.22789564869016,96.87310246534607,96.51903651303336,96.1656770076453,95.81300283735071,95.4609940404604,95.10962802608623,94.75888337232622,94.4087378313071,94.05916859500635,93.71015355129785,93.36166882104186,93.01369014962788,92.66619295052159,92.31915355107017,91.97254547771927,91.62634314513484,91.2805201260958,90.9350487032978,90.58990166617777,90.24505031402205,89.90046546204543,89.55611715621436,89.21197376437566,88.86800510886663,88.52417785801694,88.18045903402938,87.8368141745088,87.49320795882987,87.14960400843268,86.80596488299875,86.4622519213328,86.11842508628679,85.77444344267991,85.43026449118602,85.08584399684388,84.74113712776456,84.39609598686475,84.05067250286994,83.70481624571072,83.35847487656001,83.01159425178471,82.66411810081917,82.31598792164225,81.96714324224197,81.61752113079793,81.26705538720603,80.91567840424372,80.56331872249294,80.20990246694689,79.85535216616888,79.49958740248884,79.14252406440433,78.78407400820976,78.42414541815653,78.06264246807031,77.69946424548498,77.33450548945369,76.96765578726705,76.59879927373775,76.22781447667079,75.85457388630029,75.47894335803244,75.10078178819639,74.71994077513664,74.33626400477496,73.94958673118592,73.55973519056967,73.16652596638778,72.76976530103165,72.36924834871579,71.9647583636721,71.55606581703383,71.14292743505453,70.72508515036627,70.30226494895673,69.87417566732785,69.44050764590138,69.00093081248748,68.55509377478897,68.1026215441477,67.64311339314338,67.17614107929967,66.70124629633803,66.21793770428816,65.72568826341973,65.22393187569556,64.71205955584992,64.18941550420735
