ground2_x,1002.8580060422961,1002.8580060422961,1002.8580060422961,1002.8580060422961,1002.8580060422961,1002.8580060422961,1002.8580060422961,1002.8580060422961,1002.8580060422961,1002.8580060422961,1002.8580060422961,1002.8580060422961,1002.8580060422961,1002.8580060422961,1002.8580060422961,1002.8580060422961,1002.8580060422961,1002.8580060422961,1002.8580060422961,1002.8580060422961,1002.8580060422961,1002.8580060422961,1002.8580060422961,1002.8580060422961,1002.8580060422961,1002.8580060422961,1002.8580060422961,1002.8580060422961,1002.8580060422961,1002.8580060422961,1002.8580060422961,1002.8580060422961,1002.8580060422961,1002.8580060422961,1002.8580060422961,1002.8580060422961,1002.8580060422961,1002.8580060422961,1002.8580060422961,1002.8580060422961,1002.8580060422961,1002.8580060422961,1002.8580060422961,1002.8580060422961,1002.8580060422961,1002.8580060422961,1002.8580060422961,1002.8580060422961,1002.8580060422961,1002.8580060422961,1002.8580060422961,1002.8580060422961,1002.8580060422961,1002.8580060422961,1002.8580060422961,1002.8580060422961,1002.8580060422961,1002.8580060422961,1002.8580060422961,1002.8580060422961,1002.8580060422961,1002.8580060422961,1002.8580060422961,1002.8580060422961,1002.8580060422961,1002.8580060422961,1002.8580060422961,1002.8580060422961,1002.8580060422961,1002.8580060422961,1002.8580060422961,1002.8580060422961,1002.8580060422961,1002.8580060422961,1002.8580060422961,1002.8580060422961,1002.8580060422961,1002.8580060422961,1002.8580060422961,1002.8580060422961,1002.8580060422961,1002.8580060422961,1002.8580060422961,1002.8580060422961,1002.8580060422961,1002.8580060422961,1002.8580060422961,1002.8580060422961,1002.8580060422961,1002.8580060422961,1002.8580060422961,1002.8580060422961,1002.8580060422961,1002.8580060422961,1002.8580060422961,1002.8580060422961,1002.8580060422961,1002.8580060422961,1002.8580060422961,1002.8580060422961
ground2_y,671.1974095620187,671.1974095620187,671.1974095620187,671.1974095620187,671.1974095620187,671.1974095620187,671.1974095620187,671.1974095620187,671.1974095620187,671.1974095620187,671.1974095620187,671.1974095620187,671.1974095620187,671.1974095620187,671.1974095620187,671.1974095620187,671.1974095620187,671.1974095620187,671.1974095620187,671.1974095620187,671.1974095620187,671.1974095620187,671.1974095620187,671.1974095620187,671.1974095620187,671.1974095620187,671.1974095620187,671.1974095620187,671.1974095620187,671.1974095620187,671.1974095620187,671.1974095620187,671.1974095620187,671.1974095620187,671.1974095620187,671.1974095620187,671.1974095620187,671.1974095620187,671.1974095620187,671.1974095620187,671.1974095620187,671.1974095620187,671.1974095620187,671.1974095620187,671.1974095620187,671.1974095620187,671.1974095620187,671.1974095620187,671.1974095620187,671.1974095620187,671.1974095620187,671.1974095620187,671.1974095620187,671.1974095620187,671.1974095620187,671.1974095620187,671.1974095620187,671.1974095620187,671.1974095620187,671.1974095620187,671.1974095620187,671.1974095620187,671.1974095620187,671.1974095620187,671.1974095620187,671.1974095620187,671.1974095620187,671.1974095620187,671.1974095620187,671.1974095620187,671.1974095620187,671.1974095620187,671.1974095620187,671.1974095620187,671.1974095620187,671.1974095620187,671.1974095620187,671.1974095620187,671.1974095620187,671.1974095620187,671.1974095620187,671.1974095620187,671.1974095620187,671.1974095620187,671.1974095620187,671.1974095620187,671.1974095620187,671.1974095620187,671.1974095620187,671.1974095620187,671.1974095620187,671.1974095620187,671.1974095620187,671.1974095620187,671.1974095620187,671.1974095620187,671.1974095620187,671.1974095620187,671.1974095620187,671.1974095620187
linkage2_x,1000.9939577039277,1000.96550749259,1000.9370583829631,1000.9086103916087,1000.8801635350876,1000.8517178299601,1000.8232732927856,1000.7948299401232,1000.766387788531,1000.7379468545664,1000.7095071547864,1000.6810687057467,1000.652631524003,1000.6241956261098,1000.5957610286209,1000.5673277480894,1000.5388958010675,1000.510465204107,1000.4820359737586,1000.453608126572,1000.4251816790968,1000.396756647881,1000.3683330494723,1000.3399109004174,1000.311490217262,1000.2830710165513,1000.2546533148292,1000.226237128639,1000.1978224745234,1000.1694093690234,1000.1409978286799,1000.1125878700325,1000.08417950962,1000.05577276398,1000.0273676496496,999.9989641831646,999.9705623810602,999.9421622598701,999.9137638361276,999.8853671263645,999.856972147112,999.8285789148999,999.8001874462575,999.7717977577126,999.7434098657923,999.7150237870223,999.6866395379277,999.6582571350322,999.6298765948583,999.6014979339278,999.5731211687613,999.5447463158781,999.5163733917965,999.4880024130339,999.459633396106,999.4312663575281,999.4029013138137,999.3745382814755,999.3461772770248,999.3178183169722,999.2894614178264,999.2611065960954,999.2327538682858,999.2044032509032,999.1760547604516,999.1477084134341,999.1193642263523,999.0910222157069,999.0626823979968,999.0343447897201,999.0060094073733,998.9776762674519,998.9493453864497,998.9210167808598,998.8926904671731,998.8643664618801,998.8360447814692,998.8077254424279,998.7794084612422,998.7510938543967,998.7227816383746,998.6944718296579,998.6661644447269,998.6378595000606,998.6095570121367,998.5812569974315,998.5529594724195,998.5246644535742,998.4963719573674,998.4680820002693,998.439794598749,998.411509769274,998.3832275283098,998.3549478923211,998.3266708777707,998.29839650112,998.2701247788289,998.2418557273554,998.2135893631565,998.1853257026872
linkage2_y,633.9086645863509,633.9100976810648,633.9115524824467,633.9130289896498,633.9145272018143,633.9160471180681,633.9175887375267,633.9191520592922,633.9207370824548,633.9223438060917,633.9239722292675,633.9256223510343,633.9272941704315,633.9289876864858,633.9307028982114,633.9324398046097,633.9341984046696,633.9359786973673,633.9377806816665,633.9396043565182,633.9414497208606,633.9433167736196,633.9452055137082,633.9471159400268,633.9490480514635,633.9510018468933,633.9529773251788,633.9549744851703,633.9569933257047,633.9590338456071,633.9610960436895,633.9631799187514,633.9652854695796,633.9674126949485,633.9695615936196,633.971732164342,633.9739244058521,633.9761383168739,633.9783738961181,633.9806311422838,633.9829100540566,633.9852106301098,633.9875328691045,633.9898767696884,633.9922423304973,633.9946295501541,633.9970384272688,633.9994689604393,634.0019211482507,634.0043949892754,634.0068904820732,634.0094076251916,634.011946417165,634.0145068565155,634.0170889417525,634.019692671373,634.0223180438612,634.0249650576889,634.0276337113147,634.0303240031855,634.033035931735,634.0357694953843,634.0385246925424,634.0413015216051,634.0440999809559,634.046920068966,634.0497617839933,634.0526251243837,634.0555100884702,634.0584166745734,634.0613448810013,634.0642947060493,634.0672661479999,634.0702592051236,634.0732738756778,634.0763101579076,634.0793680500454,634.0824475503111,634.085548656912,634.0886713680428,634.0918156818856,634.0949815966098,634.0981691103726,634.1013782213183,634.1046089275789,634.1078612272734,634.1111351185085,634.1144305993785,634.1177476679649,634.1210863223365,634.1244465605499,634.1278283806489,634.1312317806648,634.1346567586164,634.1381033125097,634.1415714403383,634.1450611400835,634.1485724097134,634.1521052471843,634.1556596504392
ss_link2_x,564.8066465256799,564.7633117406365,564.7339042632263,564.7062972220608,564.677874550086,564.6493166390596,564.6224291159051,564.5934697011761,564.5645448954634,564.5355361391155,564.5303137115677,564.4909476777743,564.4573868185083,564.4387318920312,564.3986969752293,564.3679152831912,564.3398719336059,564.3099722626405,564.2838486028634,564.2521647784524,564.2233578608246,564.2008797541251,564.1687770125162,564.1386499549151,564.1116951535072,564.0872477212995,564.0677084506935,564.0256124022717,563.9984000153756,563.9706634597883,563.9439637917283,563.9167883101363,563.8920301502714,563.8644812807124,563.8361156182325,563.8109875835701,563.784198753654,563.7616672387728,563.731039869097,563.7048342237749,563.6777998167363,563.6516073751166,563.6275059131634,563.6018618729029,563.5761957747468,563.5471110246149,563.5210544611282,563.4950202174718,563.4690100456082,563.4430209853865,563.417048857009,563.391086229555,563.365136863842,563.3392023155634,563.3132756118856,563.287365495277,563.2614510417918,563.2355433633671,563.2096345886597,563.1837171140617,563.1577933378021,563.1318492159793,563.1058817990538,563.0798954796223,563.0538734868496,563.0435504214074,563.0172851849206,563.0222907549779,562.9662184513774,562.9403652748579,562.9146936428341,562.8701092453707,562.8435137958052,562.8167866773879,562.7899126686466,562.7628691179289,562.7356550502802,562.7082491551903,562.6806429765627,562.6533026908742,562.6270484035113,562.6331430348198,562.6185687686941,562.5454597284178,562.5147440977061,562.4847157290395,562.4469899808086,562.4344916935052,562.39547594399,562.4011471550909,562.3587681418018,562.3883433773243,562.3889431006082,562.3050417380095,562.2838220218646,562.2729028564023,562.3033313719087,562.2725006270343,562.4763428335561,562.6255840696701
ss_link2_y,630.1797900887844,632.9512655254483,633.6229802706309,633.0091908051269,632.9990916916203,633.0557371617356,632.4689765378635,632.635304864162,632.812948916879,633.0668767072056,629.3429084716399,630.5413564733274,636.5699129930754,637.8680440474707,636.2536857069216,635.7620581270728,635.8542283528298,635.4867512628344,636.0392735495168,635.1948967310154,635.0567234725654,636.4794395655088,635.7402684904733,635.2642672152826,635.6850561927226,636.496326522781,637.7244582040541,635.4682247139827,635.7842273649313,635.9412056693436,636.289708354613,636.5125689104775,637.0771619452653,637.197300012987,637.2047724357292,637.6219387173655,637.812038972716,638.4315508767426,638.2099516904434,638.4323335965281,638.5659835988101,638.7731576130242,639.1515257194377,639.3807921065411,639.5990497985899,639.5468196057144,639.7291700152,639.9075735231878,640.0824991582343,640.2540288871058,640.4221475707412,640.5866206544489,640.7479551066325,640.9064667711546,641.0619118271773,641.2150160544471,641.364680915965,641.5117567437518,641.6559408477655,641.7969645805275,641.9351265199139,642.0698092635616,642.2010241281234,642.3291636817826,642.4534958619697,643.3441411588157,643.443993720085,644.8848169690145,643.706886735509,643.821406422552,643.9426025277348,643.2002086728721,643.285649442292,643.3640971521851,643.4350116597199,643.497507124951,643.5516969206706,643.596737850973,643.6323638675866,643.6798902804055,643.7761531540702,645.221187940563,645.7501750784148,643.9346787525664,643.8303010394998,643.755743465042,643.3229922445342,644.0460044938426,643.5667388446797,645.0253640452825,644.4498183302952,646.6607174117686,647.6315608249777,645.6998753360722,645.9664125557456,646.5932311613734,648.505770886331,648.4313015375205,654.3096577953087,657.8408112545043
ss_link_x,937.6163141993959,938.2299568687322,938.3663083833251,938.2060395078067,938.1850600249727,938.1795734174532,938.0263991534273,938.045931355427,938.0681112282246,938.1077703152994,937.2462927643487,937.4975036165799,938.8647644484196,939.1518056133148,938.7527807853605,938.6195351625036,938.6218074874,938.5174909183722,938.6270639341926,938.4121903835174,938.3614404578138,938.6732863799436,938.4823856504227,938.3532525196872,938.4321449232056,938.6017319095386,938.8699783721474,938.3255120231495,938.3798610258352,938.3972678043161,938.4596546019003,938.4925481109173,938.6053686146461,938.6144302461796,938.5971746923194,938.6755361843329,938.7012179583837,938.8272307069116,938.7564466559625,938.7896021028973,938.8019457919198,938.8315739151992,938.9013377807619,938.9362390341673,938.9686117331964,938.9373785808591,938.9612726511792,938.9842521001732,939.0064256862131,939.0278110097966,939.0484027983069,939.0681433983482,939.0871519240245,939.1055019055896,939.123134271226,939.1402199294861,939.1564970509296,939.1721662747718,939.1871546240579,939.201397168032,939.2149638033422,939.2277066963823,939.2396274826515,939.2508187714916,939.2611054734701,939.4538050195131,939.4582881335014,939.7856076160142,939.4823792244799,939.4903804056864,939.4999582583791,939.3036754561133,939.304691058557,939.3040348662616,939.3015764101126,939.2971031771322,939.2906426079476,939.2819961479195,939.2711038890986,939.2630592420696,939.2666726220835,939.5928243219121,939.7005000408392,939.246118047573,939.2018661651073,939.1648181389585,939.0425387708722,939.1944301483029,939.0620049214664,939.3896444044786,939.2333279472277,939.7437597894988,939.9592960354041,939.4736028795878,939.5176143996425,939.6489588943474,940.0932802272175,940.0550272790846,941.4939486013616,942.3739637251747
ss_link_y,764.4192720011883,765.3519898129771,765.5552106259634,765.3165198824631,765.2854069843437,765.2768931321953,765.0463576227016,765.076030094272,765.1094823249995,765.1693848882071,763.8422979640246,764.2327774462823,766.2865364127059,766.6989378480073,766.1240316284385,765.9273831288101,765.9323569264016,765.7788070322379,765.9409438640255,765.6232757530455,765.5480333968118,766.0082143260414,765.7272263115004,765.535975741681,765.6523124510122,765.9033894997086,766.2956263438156,765.4946526388396,765.5756310354789,765.602320789196,765.6932792175411,765.7421591163003,765.907285720647,765.9208897915388,765.8960130730236,766.011412652901,766.0482098674269,766.2326068795189,766.1287973678624,766.1770153651328,766.1949846976452,766.2379744138957,766.339724584374,766.390209615885,766.4368235727125,766.3909516700263,766.4253790370333,766.4584469110714,766.4903164365686,766.5210171200445,766.5505454489534,766.578824905714,766.6060268152568,766.6322593020265,766.6574410053441,766.6818189496928,766.7050223902302,766.727340314909,766.7486714244418,766.7689258435532,766.7882056030863,766.8063027254896,766.8232218824719,766.839096156424,766.8536784022791,767.1286597727624,767.1349720255533,767.5905213309863,767.1688950286691,767.1801228558465,767.1936686064394,766.9138176452064,766.9152123673471,766.914243919668,766.9107334908979,766.9043845530193,766.8952340863534,766.8829896836619,766.8675518813228,766.8560977457536,766.8610030893482,767.3223161050116,767.4732374912807,766.8326072827588,766.7697124732463,766.7166610915391,766.542631290459,766.7620816420069,766.5692297266012,767.0374935929041,766.8134280619615,767.533280549528,767.8310425201618,767.1542424929956,767.2180216311583,767.4013399303751,768.0132658772326,767.9622572414307,769.8645855705345,770.9710678798475
ground_1_x,1000.9939577039279,1000.9939577039279,1000.9939577039279,1000.9939577039279,1000.9939577039279,1000.9939577039279,1000.9939577039279,1000.9939577039279,1000.9939577039279,1000.9939577039279,1000.9939577039279,1000.9939577039279,1000.9939577039279,1000.9939577039279,1000.9939577039279,1000.9939577039279,1000.9939577039279,1000.9939577039279,1000.9939577039279,1000.9939577039279,1000.9939577039279,1000.9939577039279,1000.9939577039279,1000.9939577039279,1000.9939577039279,1000.9939577039279,1000.9939577039279,1000.9939577039279,1000.9939577039279,1000.9939577039279,1000.9939577039279,1000.9939577039279,1000.9939577039279,1000.9939577039279,1000.9939577039279,1000.9939577039279,1000.9939577039279,1000.9939577039279,1000.9939577039279,1000.9939577039279,1000.9939577039279,1000.9939577039279,1000.9939577039279,1000.9939577039279,1000.9939577039279,1000.9939577039279,1000.9939577039279,1000.9939577039279,1000.9939577039279,1000.9939577039279,1000.9939577039279,1000.9939577039279,1000.9939577039279,1000.9939577039279,1000.9939577039279,1000.9939577039279,1000.9939577039279,1000.9939577039279,1000.9939577039279,1000.9939577039279,1000.9939577039279,1000.9939577039279,1000.9939577039279,1000.9939577039279,1000.9939577039279,1000.9939577039279,1000.9939577039279,1000.9939577039279,1000.9939577039279,1000.9939577039279,1000.9939577039279,1000.9939577039279,1000.9939577039279,1000.9939577039279,1000.9939577039279,1000.9939577039279,1000.9939577039279,1000.9939577039279,1000.9939577039279,1000.9939577039279,1000.9939577039279,1000.9939577039279,1000.9939577039279,1000.9939577039279,1000.9939577039279,1000.9939577039279,1000.9939577039279,1000.9939577039279,1000.9939577039279,1000.9939577039279,1000.9939577039279,1000.9939577039279,1000.9939577039279,1000.9939577039279,1000.9939577039279,1000.9939577039279,1000.9939577039279,1000.9939577039279,1000.9939577039279,1000.9939577039279
ground_1_y,723.4016525279537,723.4016525279537,723.4016525279537,723.4016525279537,723.4016525279537,723.4016525279537,723.4016525279537,723.4016525279537,723.4016525279537,723.4016525279537,723.4016525279537,723.4016525279537,723.4016525279537,723.4016525279537,723.4016525279537,723.4016525279537,723.4016525279537,723.4016525279537,723.4016525279537,723.4016525279537,723.4016525279537,723.4016525279537,723.4016525279537,723.4016525279537,723.4016525279537,723.4016525279537,723.4016525279537,723.4016525279537,723.4016525279537,723.4016525279537,723.4016525279537,723.4016525279537,723.4016525279537,723.4016525279537,723.4016525279537,723.4016525279537,723.4016525279537,723.4016525279537,723.4016525279537,723.4016525279537,723.4016525279537,723.4016525279537,723.4016525279537,723.4016525279537,723.4016525279537,723.4016525279537,723.4016525279537,723.4016525279537,723.4016525279537,723.4016525279537,723.4016525279537,723.4016525279537,723.4016525279537,723.4016525279537,723.4016525279537,723.4016525279537,723.4016525279537,723.4016525279537,723.4016525279537,723.4016525279537,723.4016525279537,723.4016525279537,723.4016525279537,723.4016525279537,723.4016525279537,723.4016525279537,723.4016525279537,723.4016525279537,723.4016525279537,723.4016525279537,723.4016525279537,723.4016525279537,723.4016525279537,723.4016525279537,723.4016525279537,723.4016525279537,723.4016525279537,723.4016525279537,723.4016525279537,723.4016525279537,723.4016525279537,723.4016525279537,723.4016525279537,723.4016525279537,723.4016525279537,723.4016525279537,723.4016525279537,723.4016525279537,723.4016525279537,723.4016525279537,723.4016525279537,723.4016525279537,723.4016525279537,723.4016525279537,723.4016525279537,723.4016525279537,723.4016525279537,723.4016525279537,723.4016525279537,723.4016525279537
lower_shock_x,995.401812688822,996.3397050799625,996.5458708281816,996.3039794157576,996.2722543825763,996.2639319039208,996.0311643749515,996.0609427543404,996.0947196807383,996.1550346824258,994.8263134877211,995.2169538348544,997.2904746417771,997.7133457176467,997.1239873649223,996.9249337964848,996.9289438682723,996.7728851917051,996.9369270536747,996.6148614074485,996.5384108910343,997.005751380364,996.7203796072505,996.5260908456211,996.6445442353479,996.898920397314,997.2983175484557,996.4842944118303,996.5662477880387,996.5928991572931,996.6860815994803,996.7355476121539,996.9041580792684,996.9176619093444,996.8922775097187,997.0090631716729,997.0471360297939,997.234665188325,997.1295059620203,997.1787327944572,997.1972427007375,997.2411662597721,997.3444037472931,997.3960019142127,997.443785237895,997.3976811929517,997.4329507709125,997.4668431382617,997.4995213765226,997.5310138826854,997.5613153378403,997.5903458552756,997.6182805974021,997.6452290692663,997.6711063277986,997.6961648088526,997.7200221562346,997.742974255371,997.7649157415935,997.7857532362098,997.8055908065351,997.8242139990017,997.841627187364,997.8579674455109,997.8729810439971,998.1549221004169,998.1614338948231,998.6344809775563,998.1964101271341,998.2080198850286,998.2220125121064,997.9351138879315,997.9366239188656,997.9357073952058,997.9321738858462,997.9257110235128,997.9163514210823,997.9037942254886,997.8879428661982,997.8762098674242,997.8814390362543,998.3560156955019,998.5120251098951,997.8515702082343,997.7868931389967,997.7324480997247,997.552485026976,997.776810761398,997.5808387484824,998.0613996381019,997.8331035190527,998.5741692077177,998.8841167210676,998.1828462951089,998.2475845603487,998.4377252800587,999.0753223743121,999.0210093844812,1001.0322037063952,1002.2232777818398
lower_shock_y,786.7925189865889,786.8690337356123,786.882763933041,786.8654269265182,786.8632629483451,786.8623816732664,786.8448260995708,786.8472144608872,786.8497382535728,786.8544284859067,786.7391804993658,786.7758713519851,786.9302377461152,786.9541109390949,786.921345368134,786.9084819197159,786.9086259798714,786.8983490348414,786.909631932869,786.8876850329021,786.8826561390443,786.9139442419264,786.8947031622187,786.8818628735378,786.8900755786321,786.9072898699253,786.9318856327344,786.8788067583571,786.884559021196,786.8859884188505,786.8925531540865,786.8958591576676,786.9067419826753,786.9080095075108,786.9057014060296,786.9141791099632,786.9163640921179,786.9279593442776,786.9209103819996,786.9239532940209,786.9245605561191,786.9272358430047,786.9342397952959,786.9372809485612,786.9399964963505,786.936487312685,786.9385180996806,786.9404527164828,786.942303452639,786.9440744316912,786.9457674992799,786.9473750733525,786.9489123667639,786.9503881514921,786.9517994431957,786.9531616685605,786.9544555571491,786.9556983511162,786.9568855661747,786.9580130051405,786.959086687311,786.9600951297809,786.9610382226335,786.9619225146325,786.9627325432939,786.9756965741396,786.9760076352745,786.9950599861148,786.9776958884734,786.9782245404826,786.9786720323555,786.9657612855899,786.965710251576,786.9655030521977,786.9651358998383,786.9646028553341,786.9639231939844,786.9630994068161,786.9621333567851,786.9614350995685,786.961629312265,786.9848021109076,786.9906793162996,786.9603740089914,786.9568527068172,786.9542186793499,786.9463614751346,786.9569002359846,786.9474559464488,786.9711624510699,786.9577155716491,786.993726177158,787.0037190026877,786.9772279875749,786.9795150277555,786.9872267672654,787.0091791350773,787.0079646498533,787.0378844786984,787.0267716416846
linkage1_x,913.3836858006044,913.3688421025611,913.3442160921272,913.312250893867,913.2837394138415,913.2556014358432,913.2239450202003,913.1963851514191,913.1689008549047,913.1418575615573,913.0957598354323,913.0722971329973,913.0789383042089,913.0602334466573,913.0197875306967,912.9879269229338,912.9601146657662,912.9291768441291,912.9045099584205,912.8703586929864,912.8410169909798,912.8222984623044,912.7886963726739,912.7570686920143,912.7314517441678,912.7086787224403,912.6893897707212,912.6446975086093,912.6184053581917,912.5910563421127,912.5650640846391,912.5382246914736,912.5139191795422,912.4863917040875,912.4580264051816,912.4327669056975,912.4058147552746,912.3822913171973,912.3521043141005,912.3254663496277,912.2981316252506,912.2714077209527,912.246130600069,912.2196517451188,912.1931038136094,912.164250225017,912.137411417175,912.1105547909888,912.0836835214327,912.0567975183754,912.0298958650126,912.0029756771776,911.9760407605253,911.9490933328816,911.9221305465494,911.8951585184178,911.8681664787318,911.8411617663718,911.8141410005267,911.7871010580968,911.7600442226449,911.7329639884372,911.7058598441961,911.678735037056,911.6515818267707,911.6321735988067,911.6048280664668,911.591797217218,911.550814328612,911.5236442795522,911.4965523332623,911.4604905130149,911.433002188336,911.4054472175164,911.3778193212133,911.3501086569981,911.3223157215036,911.2944311970862,911.2664518050173,911.2385988688565,911.2112577675205,911.1984947599242,911.1760951107832,911.1278974413606,911.0984657014333,911.0693524664787,911.0365494848866,911.0157383445448,910.9824014175115,910.9696496366035,910.9350643514142,910.931623311456,910.9149366249962,910.8638946610286,910.8386109588387,910.8175560761657,910.8125087289212,910.7832580968019,910.8367961450873,910.8653100137416
linkage1_y,635.7731018351345,636.3308582591073,636.4669093345606,636.3448332521849,636.3440025360496,636.356592527851,636.2399916785992,636.2746434791953,636.311584660623,636.3638617355883,635.6172382713447,635.8592750454683,637.0711970115311,637.3331611051441,637.0104326135861,636.9131142812341,636.9330255227085,636.8606664474125,636.9730411748792,636.8049643484219,636.7786957647697,637.0658386280759,636.91894201664,636.8248963219933,636.9109275696437,637.0753711506137,637.3235098765391,636.872128408782,636.9371890898223,636.9703376035624,637.0419560028973,637.0883652090566,637.2033983384105,637.229217412618,637.2324350571173,637.3179185895998,637.357833751766,637.4839680920157,637.4412702239757,637.4877161422361,637.5163666755716,637.5597933669727,637.637601225078,637.6854955025027,637.7311966492862,637.7226206879294,637.7611485065946,637.798900958471,637.8359722145995,637.8723787508845,637.9081175513394,637.9431415600213,637.9775525543492,638.011413946469,638.0446768169887,638.0774868515321,638.1096235842848,638.1412576971857,638.1723284550441,638.2027819569208,638.2326781427735,638.2618931190303,638.2904291746127,638.3183651110805,638.3455540270004,638.5265445329832,638.5488539089628,638.8402648239314,638.606204127345,638.6315081287835,638.6581689828371,638.5115485612099,638.5310697344995,638.5492047543005,638.5658452479485,638.5808134700982,638.5941321909283,638.6056322201108,638.615260183552,638.6272934755413,638.6491239916021,638.9416160826747,639.0503037178537,638.6885788615531,638.670215879408,638.6578540398258,638.5736290538454,638.7213515313368,638.6278285517307,638.9231903538929,638.8103886824767,639.2567010205333,639.454196714064,639.0693779977557,639.1256117937305,639.2541468943111,639.6406288173857,639.6284966542466,640.8103239395709,641.5211690904684
rear_wheel_x,527.5256797583082,527.1887958598053,527.0848231055023,527.1169092399845,527.0851408726174,527.0462098448361,527.0760538087504,527.0253246273551,526.9734380650821,526.9135456506226,527.2909551173084,527.1223363295934,526.4569175330636,526.2983627541624,526.4225412868618,526.4384427490472,526.396595977527,526.4005672049761,526.3126485630556,526.3643536378006,526.3455177419635,526.1707126816109,526.211071885931,526.2260225135743,526.1508724085797,526.0378465792091,525.88637795381,526.0741535989812,526.0097571537349,525.9614171002344,525.8940108832963,525.8393522811622,525.7515395301564,525.7071858112076,525.6737182766772,525.6010187634383,525.550077255284,525.4590472052354,525.4469552664698,525.3933451564035,525.3481155065853,525.2961082922965,525.2285393538509,525.1748186594774,525.1222092928144,525.094122398862,525.0448554516562,524.9960256327172,524.9475859601691,524.8995248453081,524.8518395373076,524.8045469639952,524.7575979399588,524.710961172338,524.6646547944938,524.6186123583448,524.572926459256,524.5275201333159,524.4824167044594,524.4376361956902,524.393150007881,524.3490077163771,524.3052050023197,524.2617054599482,524.2185676486839,524.1123218578989,524.0714963258197,523.9233542361796,523.9848037440379,523.9428862486309,523.9004771078783,523.9278427006396,523.8881670967827,523.8490830427794,523.8106310689677,523.772879716774,523.7358156591248,523.6995027885653,523.6639581177292,523.6274499190451,523.5869978699174,523.4404301603778,523.3672897621078,523.4763706316951,523.4520982051481,523.4254104972159,523.4278880581032,523.3371654126545,523.3426290240883,523.194642253947,523.2067506423981,523.0055269846957,522.902237671213,523.01217467929,522.9595920362252,522.8801300439013,522.7100111380087,522.6827918110608,522.277767557003,522.0588345990824
rear_wheel_y,570.517798127716,573.4737107321179,574.1925969986751,573.5410339562267,573.5330497640849,573.5962540888507,572.9736534513656,573.1537258368295,573.3458785742152,573.6193401766124,569.6549369919471,570.9342205432974,577.3635949015201,578.7517517931389,577.0317694342668,576.5102321539091,576.6112407712324,576.2220840820733,576.8141797512849,575.9164222664784,575.7718772148373,577.292192963651,576.5065248185116,576.0016613970556,576.4533104443432,577.3214429943721,578.6346133120576,576.2304787864527,576.5703203716989,576.7405218975222,577.1151796151412,577.3557211806344,577.9609480684499,578.091931641532,578.1026980472806,578.5506085254948,578.7563388149806,579.4202547849017,579.1866288933377,579.4267950995942,579.5722630130001,579.7962175603201,580.2028774308699,580.4504423897271,580.6862779106552,580.6333964016585,580.83090282799,581.0242041916397,581.2138007328214,581.3997794808631,581.5821237944028,581.7605825813313,581.9356969786427,582.1078039117554,582.2766426112764,582.4429878547375,582.6056660033664,582.7655849068203,582.9224209224099,583.0758867520384,583.2263009876614,583.3730037875462,583.5160068921385,583.6557293910498,583.7913889416707,584.7456496218458,584.8551782514754,586.3980925696139,585.1417684884937,585.2669838955434,585.3993307022206,584.6090519661508,584.7031884882537,584.789855020359,584.86847365511,584.9380971691609,584.9988464747994,585.0498209827315,585.0907370495785,585.1443747081994,585.2501057716705,586.7972628292355,587.3655806701329,585.4280120809399,585.3193322922206,585.2425445892353,584.7829764175976,585.5582036669934,585.0492293682572,586.6106934452607,585.9986139492147,588.3647695177942,589.4059319129201,587.3432616048227,587.630928466651,588.3040107341353,590.3525873042751,590.2756593027477,596.5732021229369,600.3624448436273
upper_ground_x,1168.7583081571001,1168.7583081571001,1168.7583081571001,1168.7583081571001,1168.7583081571001,1168.7583081571001,1168.7583081571001,1168.7583081571001,1168.7583081571001,1168.7583081571001,1168.7583081571001,1168.7583081571001,1168.7583081571001,1168.7583081571001,1168.7583081571001,1168.7583081571001,1168.7583081571001,1168.7583081571001,1168.7583081571001,1168.7583081571001,1168.7583081571001,1168.7583081571001,1168.7583081571001,1168.7583081571001,1168.7583081571001,1168.7583081571001,1168.7583081571001,1168.7583081571001,1168.7583081571001,1168.7583081571001,1168.7583081571001,1168.7583081571001,1168.7583081571001,1168.7583081571001,1168.7583081571001,1168.7583081571001,1168.7583081571001,1168.7583081571001,1168.7583081571001,1168.7583081571001,1168.7583081571001,1168.7583081571001,1168.7583081571001,1168.7583081571001,1168.7583081571001,1168.7583081571001,1168.7583081571001,1168.7583081571001,1168.7583081571001,1168.7583081571001,1168.7583081571001,1168.7583081571001,1168.7583081571001,1168.7583081571001,1168.7583081571001,1168.7583081571001,1168.7583081571001,1168.7583081571001,1168.7583081571001,1168.7583081571001,1168.7583081571001,1168.7583081571001,1168.7583081571001,1168.7583081571001,1168.7583081571001,1168.7583081571001,1168.7583081571001,1168.7583081571001,1168.7583081571001,1168.7583081571001,1168.7583081571001,1168.7583081571001,1168.7583081571001,1168.7583081571001,1168.7583081571001,1168.7583081571001,1168.7583081571001,1168.7583081571001,1168.7583081571001,1168.7583081571001,1168.7583081571001,1168.7583081571001,1168.7583081571001,1168.7583081571001,1168.7583081571001,1168.7583081571001,1168.7583081571001,1168.7583081571001,1168.7583081571001,1168.7583081571001,1168.7583081571001,1168.7583081571001,1168.7583081571001,1168.7583081571001,1168.7583081571001,1168.7583081571001,1168.7583081571001,1168.7583081571001,1168.7583081571001,1168.7583081571001
upper_ground_y,870.6921951818414,870.6921951818414,870.6921951818414,870.6921951818414,870.6921951818414,870.6921951818414,870.6921951818414,870.6921951818414,870.6921951818414,870.6921951818414,870.6921951818414,870.6921951818414,870.6921951818414,870.6921951818414,870.6921951818414,870.6921951818414,870.6921951818414,870.6921951818414,870.6921951818414,870.6921951818414,870.6921951818414,870.6921951818414,870.6921951818414,870.6921951818414,870.6921951818414,870.6921951818414,870.6921951818414,870.6921951818414,870.6921951818414,870.6921951818414,870.6921951818414,870.6921951818414,870.6921951818414,870.6921951818414,870.6921951818414,870.6921951818414,870.6921951818414,870.6921951818414,870.6921951818414,870.6921951818414,870.6921951818414,870.6921951818414,870.6921951818414,870.6921951818414,870.6921951818414,870.6921951818414,870.6921951818414,870.6921951818414,870.6921951818414,870.6921951818414,870.6921951818414,870.6921951818414,870.6921951818414,870.6921951818414,870.6921951818414,870.6921951818414,870.6921951818414,870.6921951818414,870.6921951818414,870.6921951818414,870.6921951818414,870.6921951818414,870.6921951818414,870.6921951818414,870.6921951818414,870.6921951818414,870.6921951818414,870.6921951818414,870.6921951818414,870.6921951818414,870.6921951818414,870.6921951818414,870.6921951818414,870.6921951818414,870.6921951818414,870.6921951818414,870.6921951818414,870.6921951818414,870.6921951818414,870.6921951818414,870.6921951818414,870.6921951818414,870.6921951818414,870.6921951818414,870.6921951818414,870.6921951818414,870.6921951818414,870.6921951818414,870.6921951818414,870.6921951818414,870.6921951818414,870.6921951818414,870.6921951818414,870.6921951818414,870.6921951818414,870.6921951818414,870.6921951818414,870.6921951818414,870.6921951818414,870.6921951818414
bottom_bracket_x,946.9365558912389,946.9365558912389,946.9365558912389,946.9365558912389,946.9365558912389,946.9365558912389,946.9365558912389,946.9365558912389,946.9365558912389,946.9365558912389,946.9365558912389,946.9365558912389,946.9365558912389,946.9365558912389,946.9365558912389,946.9365558912389,946.9365558912389,946.9365558912389,946.9365558912389,946.9365558912389,946.9365558912389,946.9365558912389,946.9365558912389,946.9365558912389,946.9365558912389,946.9365558912389,946.9365558912389,946.9365558912389,946.9365558912389,946.9365558912389,946.9365558912389,946.9365558912389,946.9365558912389,946.9365558912389,946.9365558912389,946.9365558912389,946.9365558912389,946.9365558912389,946.9365558912389,946.9365558912389,946.9365558912389,946.9365558912389,946.9365558912389,946.9365558912389,946.9365558912389,946.9365558912389,946.9365558912389,946.9365558912389,946.9365558912389,946.9365558912389,946.9365558912389,946.9365558912389,946.9365558912389,946.9365558912389,946.9365558912389,946.9365558912389,946.9365558912389,946.9365558912389,946.9365558912389,946.9365558912389,946.9365558912389,946.9365558912389,946.9365558912389,946.9365558912389,946.9365558912389,946.9365558912389,946.9365558912389,946.9365558912389,946.9365558912389,946.9365558912389,946.9365558912389,946.9365558912389,946.9365558912389,946.9365558912389,946.9365558912389,946.9365558912389,946.9365558912389,946.9365558912389,946.9365558912389,946.9365558912389,946.9365558912389,946.9365558912389,946.9365558912389,946.9365558912389,946.9365558912389,946.9365558912389,946.9365558912389,946.9365558912389,946.9365558912389,946.9365558912389,946.9365558912389,946.9365558912389,946.9365558912389,946.9365558912389,946.9365558912389,946.9365558912389,946.9365558912389,946.9365558912389,946.9365558912389,946.9365558912389
bottom_bracket_y,533.2290531520484,533.2290531520484,533.2290531520484,533.2290531520484,533.2290531520484,533.2290531520484,533.2290531520484,533.2290531520484,533.2290531520484,533.2290531520484,533.2290531520484,533.2290531520484,533.2290531520484,533.2290531520484,533.2290531520484,533.2290531520484,533.2290531520484,533.2290531520484,533.2290531520484,533.2290531520484,533.2290531520484,533.2290531520484,533.2290531520484,533.2290531520484,533.2290531520484,533.2290531520484,533.2290531520484,533.2290531520484,533.2290531520484,533.2290531520484,533.2290531520484,533.2290531520484,533.2290531520484,533.2290531520484,533.2290531520484,533.2290531520484,533.2290531520484,533.2290531520484,533.2290531520484,533.2290531520484,533.2290531520484,533.2290531520484,533.2290531520484,533.2290531520484,533.2290531520484,533.2290531520484,533.2290531520484,533.2290531520484,533.2290531520484,533.2290531520484,533.2290531520484,533.2290531520484,533.2290531520484,533.2290531520484,533.2290531520484,533.2290531520484,533.2290531520484,533.2290531520484,533.2290531520484,533.2290531520484,533.2290531520484,533.2290531520484,533.2290531520484,533.2290531520484,533.2290531520484,533.2290531520484,533.2290531520484,533.2290531520484,533.2290531520484,533.2290531520484,533.2290531520484,533.2290531520484,533.2290531520484,533.2290531520484,533.2290531520484,533.2290531520484,533.2290531520484,533.2290531520484,533.2290531520484,533.2290531520484,533.2290531520484,533.2290531520484,533.2290531520484,533.2290531520484,533.2290531520484,533.2290531520484,533.2290531520484,533.2290531520484,533.2290531520484,533.2290531520484,533.2290531520484,533.2290531520484,533.2290531520484,533.2290531520484,533.2290531520484,533.2290531520484,533.2290531520484,533.2290531520484,533.2290531520484,533.2290531520484
ground3_x,961.848942598187,961.848942598187,961.848942598187,961.848942598187,961.848942598187,961.848942598187,961.848942598187,961.848942598187,961.848942598187,961.848942598187,961.848942598187,961.848942598187,961.848942598187,961.848942598187,961.848942598187,961.848942598187,961.848942598187,961.848942598187,961.848942598187,961.848942598187,961.848942598187,961.848942598187,961.848942598187,961.848942598187,961.848942598187,961.848942598187,961.848942598187,961.848942598187,961.848942598187,961.848942598187,961.848942598187,961.848942598187,961.848942598187,961.848942598187,961.848942598187,961.848942598187,961.848942598187,961.848942598187,961.848942598187,961.848942598187,961.848942598187,961.848942598187,961.848942598187,961.848942598187,961.848942598187,961.848942598187,961.848942598187,961.848942598187,961.848942598187,961.848942598187,961.848942598187,961.848942598187,961.848942598187,961.848942598187,961.848942598187,961.848942598187,961.848942598187,961.848942598187,961.848942598187,961.848942598187,961.848942598187,961.848942598187,961.848942598187,961.848942598187,961.848942598187,961.848942598187,961.848942598187,961.848942598187,961.848942598187,961.848942598187,961.848942598187,961.848942598187,961.848942598187,961.848942598187,961.848942598187,961.848942598187,961.848942598187,961.848942598187,961.848942598187,961.848942598187,961.848942598187,961.848942598187,961.848942598187,961.848942598187,961.848942598187,961.848942598187,961.848942598187,961.848942598187,961.848942598187,961.848942598187,961.848942598187,961.848942598187,961.848942598187,961.848942598187,961.848942598187,961.848942598187,961.848942598187,961.848942598187,961.848942598187,961.848942598187
ground3_y,632.044227337568,632.044227337568,632.044227337568,632.044227337568,632.044227337568,632.044227337568,632.044227337568,632.044227337568,632.044227337568,632.044227337568,632.044227337568,632.044227337568,632.044227337568,632.044227337568,632.044227337568,632.044227337568,632.044227337568,632.044227337568,632.044227337568,632.044227337568,632.044227337568,632.044227337568,632.044227337568,632.044227337568,632.044227337568,632.044227337568,632.044227337568,632.044227337568,632.044227337568,632.044227337568,632.044227337568,632.044227337568,632.044227337568,632.044227337568,632.044227337568,632.044227337568,632.044227337568,632.044227337568,632.044227337568,632.044227337568,632.044227337568,632.044227337568,632.044227337568,632.044227337568,632.044227337568,632.044227337568,632.044227337568,632.044227337568,632.044227337568,632.044227337568,632.044227337568,632.044227337568,632.044227337568,632.044227337568,632.044227337568,632.044227337568,632.044227337568,632.044227337568,632.044227337568,632.044227337568,632.044227337568,632.044227337568,632.044227337568,632.044227337568,632.044227337568,632.044227337568,632.044227337568,632.044227337568,632.044227337568,632.044227337568,632.044227337568,632.044227337568,632.044227337568,632.044227337568,632.044227337568,632.044227337568,632.044227337568,632.044227337568,632.044227337568,632.044227337568,632.044227337568,632.044227337568,632.044227337568,632.044227337568,632.044227337568,632.044227337568,632.044227337568,632.044227337568,632.044227337568,632.044227337568,632.044227337568,632.044227337568,632.044227337568,632.044227337568,632.044227337568,632.044227337568,632.044227337568,632.044227337568,632.044227337568,632.044227337568
front_wheel_x,1761.5256797583083,1761.5256797583083,1761.5256797583083,1761.5256797583083,1761.5256797583083,1761.5256797583083,1761.5256797583083,1761.5256797583083,1761.5256797583083,1761.5256797583083,1761.5256797583083,1761.5256797583083,1761.5256797583083,1761.5256797583083,1761.5256797583083,1761.5256797583083,1761.5256797583083,1761.5256797583083,1761.5256797583083,1761.5256797583083,1761.5256797583083,1761.5256797583083,1761.5256797583083,1761.5256797583083,1761.5256797583083,1761.5256797583083,1761.5256797583083,1761.5256797583083,1761.5256797583083,1761.5256797583083,1761.5256797583083,1761.5256797583083,1761.5256797583083,1761.5256797583083,1761.5256797583083,1761.5256797583083,1761.5256797583083,1761.5256797583083,1761.5256797583083,1761.5256797583083,1761.5256797583083,1761.5256797583083,1761.5256797583083,1761.5256797583083,1761.5256797583083,1761.5256797583083,1761.5256797583083,1761.5256797583083,1761.5256797583083,1761.5256797583083,1761.5256797583083,1761.5256797583083,1761.5256797583083,1761.5256797583083,1761.5256797583083,1761.5256797583083,1761.5256797583083,1761.5256797583083,1761.5256797583083,1761.5256797583083,1761.5256797583083,1761.5256797583083,1761.5256797583083,1761.5256797583083,1761.5256797583083,1761.5256797583083,1761.5256797583083,1761.5256797583083,1761.5256797583083,1761.5256797583083,1761.5256797583083,1761.5256797583083,1761.5256797583083,1761.5256797583083,1761.5256797583083,1761.5256797583083,1761.5256797583083,1761.5256797583083,1761.5256797583083,1761.5256797583083,1761.5256797583083,1761.5256797583083,1761.5256797583083,1761.5256797583083,1761.5256797583083,1761.5256797583083,1761.5256797583083,1761.5256797583083,1761.5256797583083,1761.5256797583083,1761.5256797583083,1761.5256797583083,1761.5256797583083,1761.5256797583083,1761.5256797583083,1761.5256797583083,1761.5256797583083,1761.5256797583083,1761.5256797583083,1761.5256797583083
front_wheel_y,576.1111098740664,576.1111098740664,576.1111098740664,576.1111098740664,576.1111098740664,576.1111098740664,576.1111098740664,576.1111098740664,576.1111098740664,576.1111098740664,576.1111098740664,576.1111098740664,576.1111098740664,576.1111098740664,576.1111098740664,576.1111098740664,576.1111098740664,576.1111098740664,576.1111098740664,576.1111098740664,576.1111098740664,576.1111098740664,576.1111098740664,576.1111098740664,576.1111098740664,576.1111098740664,576.1111098740664,576.1111098740664,576.1111098740664,576.1111098740664,576.1111098740664,576.1111098740664,576.1111098740664,576.1111098740664,576.1111098740664,576.1111098740664,576.1111098740664,576.1111098740664,576.1111098740664,576.1111098740664,576.1111098740664,576.1111098740664,576.1111098740664,576.1111098740664,576.1111098740664,576.1111098740664,576.1111098740664,576.1111098740664,576.1111098740664,576.1111098740664,576.1111098740664,576.1111098740664,576.1111098740664,576.1111098740664,576.1111098740664,576.1111098740664,576.1111098740664,576.1111098740664,576.1111098740664,576.1111098740664,576.1111098740664,576.1111098740664,576.1111098740664,576.1111098740664,576.1111098740664,576.1111098740664,576.1111098740664,576.1111098740664,576.1111098740664,576.1111098740664,576.1111098740664,576.1111098740664,576.1111098740664,576.1111098740664,576.1111098740664,576.1111098740664,576.1111098740664,576.1111098740664,576.1111098740664,576.1111098740664,576.1111098740664,576.1111098740664,576.1111098740664,576.1111098740664,576.1111098740664,576.1111098740664,576.1111098740664,576.1111098740664,576.1111098740664,576.1111098740664,576.1111098740664,576.1111098740664,576.1111098740664,576.1111098740664,576.1111098740664,576.1111098740664,576.1111098740664,576.1111098740664,576.1111098740664,576.1111098740664
ShockLength,192.59187466430495,191.71462406898465,191.5232214041266,191.7483313558653,191.7778105676359,191.7856810918267,192.00272784821982,191.97489629936376,191.94340928852702,191.8871051913994,193.13323754326922,192.7655339139146,190.8331298383563,190.4427628673753,190.98663658042395,191.17117761876514,191.1675100536804,191.31229538294954,191.15989356781043,191.45903525337687,191.52997637158623,191.0961435767277,191.3610946052042,191.54140148191678,191.43130094449876,191.19508236169486,190.8253595182744,191.58032229571822,191.50411361894456,191.4795246183571,191.39287122689998,191.34695209639517,191.19061448398446,191.17792098450346,191.20174954673087,191.09306405519848,191.0578878458235,190.88427725386612,190.98186798734073,190.93629573918435,190.9193960584174,190.8787530807584,190.78291777711397,190.7352239600889,190.69110243451004,190.73406374900497,190.70148533319764,190.67018737674675,190.64001787192652,190.6109494066874,190.58298586166663,190.55620224375272,190.53043444494705,190.5055801797615,190.481716992065,190.45861130606508,190.4366149551253,190.41545454873656,190.3952266371061,190.37601687444197,190.3577290989231,190.34056090276167,190.32450835201985,190.30944542051094,190.29560671831638,190.03675295357743,190.0307700489348,189.5978032947297,189.9986274990529,189.98797254097155,189.97521441076523,190.23848042208888,190.23714696337586,190.2380611392728,190.24139561639194,190.2474335180382,190.25613711905316,190.26777554307665,190.28243478543683,190.2932781257331,190.2884969234403,189.85222919655135,189.70962192144756,190.31587152217344,190.37550349953682,190.42555899116272,190.5906570031562,190.3845373746149,190.5647065506679,190.12271273956244,190.33362460728821,189.65251082880678,189.37001336334802,190.0110100014437,189.95188780338046,189.77782454454558,189.19609625688588,189.24534613658597,187.43022652023544,186.3701141230608
LeverageRatio,3.369519063503855,3.755884313785889,-2.8944213146323596,-0.27084143917691417,8.030510196482268,-2.8685092918753714,6.47008135965357,6.102603336406111,4.856868617878038,-3.181366071362046,3.479115921688512,3.3271376517694096,3.5560305938033236,-3.162466428522155,-2.8261317105709205,27.541056529070246,-2.687818518101852,3.8850959135306677,-3.0011112730962224,-2.037535568787072,3.504381796008519,-2.965333441644618,-2.8000231087177463,4.102151160014573,3.675123860808226,3.551769497218101,-3.184441137276827,4.459355543667357,6.921856185972288,4.323635939909841,5.23837369847444,3.8712813793360352,10.318948945340619,0.4518277538439671,4.121161637114793,5.848563365447155,3.8241674222504716,-2.393935194930541,5.270010060340428,8.607731436582597,5.510288867096278,4.243320103190407,5.190713897506386,5.345135233520555,-1.230909938823514,6.062493262396565,6.176165653274984,6.28437696645635,6.397955534011021,6.520786738741474,6.662982853999904,6.7958617122097085,6.924643791630302,7.075278528102825,7.199320698012572,7.395687997263077,7.557458988078154,7.7534457562781345,7.988949801815396,8.224851375048948,8.545032833113147,8.908434982848497,9.275916764851239,9.802909890941038,3.6864856152952488,18.306932196334323,3.563586125616315,-3.134351836964455,11.751844173740732,10.37352688340161,-3.001825917810044,70.59575312208509,94.80290652709719,23.577500142204517,11.531077869390778,6.979789805865832,4.379846260045433,2.7911447155091826,4.946599217155956,22.113907129646606,3.5463477177140734,3.9851952888364472,-3.1959915303418223,-1.8225085520315636,-1.5340515194446438,-2.78360814941747,3.7610549508654545,-2.824979887716825,3.532773622097128,-2.9020628504501937,3.4739505253512255,3.685563668456546,-3.2179112736461377,4.86563205110383,3.8668830630297255,3.52153507676443,-1.5619936941125703,3.469491907564183,3.574378274218179,3.574378274218179
VerticalTravel,0.0,2.955912604401874,3.67479887095908,3.0232358285106784,3.01525163636893,3.0784559611347504,2.4558553236496437,2.6359277091135027,2.828080446499257,3.1015420488963628,-0.8628611357688669,0.4164224155814509,6.845796773804068,8.23395366542286,6.513971306550843,5.992434026193109,6.093442643516369,5.70428595435726,6.296381623568891,5.398624138762443,5.25407908712134,6.774394835935027,5.988726690795602,5.483863269339622,5.935512316627182,6.8036448666561,8.11681518434159,5.712680658736758,6.052522243982935,6.22272376980618,6.597381487425196,6.837923052918427,7.443149940733861,7.574133513816037,7.584899919564577,8.032810397778803,8.238540687264617,8.902456657185667,8.668830765621692,8.908996971878196,9.05446488528412,9.278419432604096,9.685079303153884,9.932644262011081,10.168479782939244,10.11559827394251,10.313104700274039,10.506406063923691,10.696002605105377,10.881981353147125,11.064325666686841,11.242784453615286,11.41789885092669,11.590005784039363,11.758844483560438,11.925189727021461,12.087867875650431,12.247786779104331,12.404622794693864,12.558088624322409,12.708502859945384,12.855205659830176,12.998208764422543,13.137931263333826,13.273590813954684,14.227851494129823,14.33738012375943,15.880294441897945,14.623970360777662,14.749185767827385,14.881532574504604,14.091253838434795,14.185390360537667,14.272056892643036,14.35067552739406,14.420299041444878,14.481048347083401,14.532022855015498,14.572938921862487,14.626576580483402,14.732307643954528,16.279464701519487,16.847782542416894,14.910213953223888,14.801534164504574,14.724746461519317,14.265178289881646,15.040405539277458,14.531431240541224,16.09289531754473,15.480815821498709,17.846971390078238,18.888133785204104,16.825463477106723,17.11313033893498,17.786212606419326,19.83478917655907,19.757861175031735,26.0554039952209,29.844646715911267
AxlePathX,0.0,-0.336883898502947,-0.44085665280590547,-0.4087705183237631,-0.4405388856907848,-0.47946991347214407,-0.4496259495577988,-0.5003551309531531,-0.5522416932261649,-0.6121341076856197,-0.23472464099984336,-0.40334342871483386,-1.0687622252446545,-1.2273170041457888,-1.1031384714464139,-1.0872370092610026,-1.1290837807812295,-1.1251125533320874,-1.2130311952525972,-1.1613261205076242,-1.1801620163447524,-1.354967076697335,-1.3146078723772234,-1.2996572447339076,-1.374807349728485,-1.4878331790990842,-1.6393018044982455,-1.4515261593270452,-1.5159226045733476,-1.564262658073858,-1.6316688750118828,-1.686327477146051,-1.7741402281518504,-1.8184939471005919,-1.851961481631065,-1.924660994869896,-1.97560250302422,-2.06663255307285,-2.078724491838443,-2.132334601904745,-2.17756425172297,-2.2295714660117483,-2.297140404457309,-2.350861098830819,-2.403470465493797,-2.431557359446174,-2.480824306652039,-2.529654125591037,-2.5780937981390935,-2.626154913000164,-2.6738402210006598,-2.7211327943130073,-2.768081818349401,-2.8147185859702404,-2.8610249638144296,-2.9070673999634664,-2.952753299052233,-2.998159624992354,-3.0432630538488183,-3.0880435626180542,-3.1325297504272385,-3.1766720419311696,-3.220474755988562,-3.26397429836004,-3.3071121096243132,-3.4133579004093235,-3.4541834324885485,-3.602325522128581,-3.5408760142703386,-3.5827935096773444,-3.6252026504299693,-3.5978370576685847,-3.637512661525534,-3.676596715528831,-3.715048689340506,-3.752800041534215,-3.7898640991834327,-3.82617696974296,-3.8617216405790487,-3.898229839263081,-3.9386818883908745,-4.085249597930442,-4.1583899962004125,-4.049309126613139,-4.073581553160125,-4.100269261092308,-4.0977917002049935,-4.1885143456537435,-4.183050734219933,-4.331037504361234,-4.318929115910123,-4.5201527736124945,-4.6234420870952135,-4.513505079018273,-4.566087722083012,-4.645549714406911,-4.8156686202995616,-4.842887947247391,-5.247912201305212,-5.466845159225841
IFC_x,870.6263798857333,870.986981261631,871.056202734572,870.9418924949714,870.9138594780605,870.8952654870841,870.7864998133269,870.7833747256933,870.7817958484334,870.7908457048437,870.2607729935454,870.3940442542564,871.210432796844,871.3739580580077,871.1094086977505,871.0112267458834,870.9973003273508,870.9178122307484,870.9694267676457,870.8227489889169,870.7765912814837,870.9506381474239,870.8188466379381,870.725417906212,870.7573567488048,870.8444531734995,870.9920613703978,870.6470807131003,870.6641696433163,870.6592463087657,870.6807877869703,870.6849507630814,870.7367447978321,870.7265425287183,870.7005987958902,870.7318781714694,870.7313597022627,870.7912527727052,870.7327989981483,870.7367738943025,870.7282812293039,870.7300803703346,870.7559634014582,870.760858695163,870.7641829358852,870.7293559197179,870.7275688711305,870.7252059084714,870.7223327796632,870.7189609002731,870.715088098473,870.7106814791597,870.7058123458913,870.700525269712,870.6947861511668,870.6886973141113,870.682104556212,870.6751277917934,870.6677248429439,870.6598583979269,870.6515709042561,870.6427762118323,870.633476587954,870.6237278067098,870.6134279684685,870.7111809319945,870.6973209290156,870.8750071364065,870.6785029115827,870.6666733752392,870.6557764303985,870.5236174248756,870.507778286776,870.4909597888438,870.4730908018314,870.4540529825484,870.4338671877871,870.4124221429187,870.389687354536,870.3686018555514,870.3542162424176,870.5271289568802,870.5734109293736,870.2932047371077,870.2514147611139,870.2137888479876,870.1279675595821,870.1983990337064,870.1061498602194,870.2767806483581,870.1705701032432,870.4474323389442,870.5557915913503,870.2581696643095,870.2670098595977,870.3255285952213,870.5655440441722,870.5264045136144,871.3654263210975,871.8903896179611
IFC_y,612.9559764177808,613.5058390080284,613.6417913056255,613.5258191046761,613.5281334821526,613.5435642655442,613.4323857156207,613.4693746818638,613.5086105404438,613.5628847956006,612.8289980011191,613.0714775885331,614.2629039193417,614.5203365881973,614.2104494869492,614.1188497114465,614.1414359154538,614.0738749893935,614.1868161786246,614.0254535538395,614.0026855679763,614.2868979464256,614.1461986694502,614.0568792772249,614.1443036153282,614.3085275023734,614.5542762329814,614.1148527381273,614.1817125412246,614.2171636963341,614.2904911797,614.3389920764223,614.4549415058101,614.4832106770598,614.489262862844,614.5761416536984,614.6182711081026,614.7449961219922,614.7060428445504,614.7545714129216,614.7856205832178,614.8311827675086,614.9104901549019,614.9604328503624,615.0082242175401,615.0027386359211,615.0434857618475,615.0834705804593,615.1227855025867,615.1614466003708,615.1994507741708,615.2367515843167,615.2734489128716,615.3096049048636,615.345171284783,615.3802910634482,615.4147472723739,615.4487074821106,615.4821117179124,615.5149066770146,615.5471510170884,615.5787225008901,615.6096229859489,615.6399296525564,615.6694974499388,615.8503259879654,615.8751255023079,616.1639432359161,615.9372258430453,615.9649569051322,615.994016512418,615.8523725750672,615.8743382168661,615.8949269204143,615.9140299468844,615.9314697340027,615.9472666686428,615.9612512995787,615.9733683869282,615.9878517794064,616.0120298528981,616.3037845657448,616.4136831621304,616.0586773260629,616.042922889032,616.033080794101,615.951665148828,616.1009414343029,616.0103057043904,616.306291492039,616.196705825635,616.6416826088245,616.8393291699269,616.4612710241198,616.5195117207103,616.6494905525974,617.0341427394974,617.0248962114638,618.1826895034679,618.8695209302334
CLINE_0_x,958.5295376069223,958.9614134952571,959.0655076727604,958.9694176937693,958.9673344640981,958.9756499902239,958.883750431507,958.9091586839235,958.9363223419792,958.9753516570689,958.3941204657255,958.5807843226453,959.5180928553806,959.7187421960859,959.4679483933685,959.3911421528464,959.4048949664841,959.3473343058697,959.4325169297001,959.300970552687,959.2789932945849,959.4991431351469,959.3839951333516,959.309618651997,959.3743676021633,959.4995850209706,959.6892063423669,959.3391403641118,959.3876049671113,959.4113974502133,959.4648727537779,959.4988518150454,959.5857284436021,959.6037710937381,959.6043756677086,959.6683553848135,959.6972032648658,959.7923933897197,959.7575965872181,959.7913969328564,959.8114797848483,959.8429109155153,959.9007506920886,959.9355602575035,959.9686595797325,959.9600355500143,959.98758553809,960.0145179983878,960.0409056879867,960.0667616408533,960.0920839127886,960.116836746897,960.1410986343716,960.1649185449753,960.188259256452,960.2112327771468,960.2336703499378,960.2557031215057,960.277284809871,960.2983744055354,960.3190181178151,960.3391213490543,960.3586861761805,960.3777732386837,960.3962703975058,960.5323679462624,960.5470762296161,960.7673344846321,960.586171842829,960.603116781014,960.6210800493541,960.506654055875,960.51915152047,960.5305739014241,960.5408388405448,960.5498110153336,960.5575083413639,960.5638021507615,960.5686522606514,960.5753254513528,960.5894651241842,960.8100361644887,960.8902921690291,960.6119078096789,960.5953133363964,960.583288796103,960.5163955525463,960.6264872037693,960.5525294580003,960.7750905435724,960.6864693987883,961.023650804848,961.1711076219314,960.8756836441935,960.9157471671608,961.010796641686,961.3017107511616,961.2897014849092,962.1816503540192,962.7145805601804
CLINE_0_y,596.9679388260165,596.8878747844226,596.868123703879,596.88636230709,596.8867560555476,596.8851839274507,596.9024959255967,596.8977232684247,596.8926092665714,596.8852403495862,596.9924202686053,596.9585966641164,596.7801955464954,596.7401426190661,596.7901023408158,596.8051968937973,596.8025011686855,596.8137631943398,596.7970775805659,596.8227951562669,596.8270642134316,596.7839441814455,596.8065965800014,596.8211131119025,596.8084807356853,596.7838568344205,596.7460798338027,596.815361980385,596.8058897274046,596.8012255240684,596.7907086419045,596.7840017645841,596.7667679815879,596.7631733634191,596.7630528225416,596.7502626310464,596.7444737255224,596.7252751989702,596.7323104503271,596.7254769396452,596.721407863093,596.71502618552,596.703240229828,596.6961206556379,596.6893324255569,596.6911028321273,596.685442878981,596.6798977417252,596.674453209293,596.6691072897313,596.6638610613782,596.6587226182005,596.6536763118601,596.6487125134844,596.6438395187921,596.6390344294,596.6343330512145,596.629708425301,596.6251707298537,596.6207290883284,596.6163742563008,596.6121266904019,596.607986486662,596.6039413037295,596.6000154094509,596.5709560803929,596.5677972834089,596.5200662227828,596.5593836137904,596.5557290909086,596.5518497626317,596.5764698935501,596.5737914338673,596.5713411306027,596.569137280936,596.5672095583226,596.5655546845041,596.5642008301083,596.5631570818774,596.5617203697288,596.558673721702,596.5107196687188,596.4930714871907,596.5538312560905,596.5574126529363,596.5600049295374,596.5743823152355,596.5506809949705,596.5666252230443,596.5183708185829,596.53768329482,596.463509968837,596.4304796315637,596.4962918266275,596.4874516718539,596.4663721916613,596.4009226658579,596.4036523481354,596.1943600030456,596.0629350118031
CLINE_1_x,545.9839999329953,546.3347478809075,546.3965136487378,546.2756055284806,546.2405202473799,546.2148291821393,546.0983508693251,546.0880766519491,546.0794400067211,546.0816899825278,545.5336644154622,545.6622514131585,546.489213215857,546.6501318791135,546.3749970667288,546.2686078004599,546.2486582287845,546.1609814980859,546.2086904438337,546.0509476643269,545.9971196261266,546.1728366612246,546.0298574685094,545.9263860249392,545.9543290570215,546.0406741284663,546.1911201569604,545.8215215159154,545.8342903057435,545.8238325918874,545.8415696365229,545.8410124215463,545.8915244488352,545.8758981980374,545.8433932648626,545.8725621174997,545.8675521409762,545.9280835998742,545.8605882681437,545.8607949946004,545.8475412178732,545.8455785812032,545.8701020087258,545.8718050283999,545.8718963303182,545.8300782750788,545.8246763587324,545.8187283442729,545.8123030934875,545.8054097703248,545.7980425284089,545.7901613635167,545.7818420637421,545.7731313057742,545.7639879577794,545.7545239111184,545.7445630664355,545.7342372712777,545.7234961595134,545.7122944589121,545.7006771447196,545.6885431740998,545.6758915350734,545.6627823719434,545.6490956965673,545.7595441257467,545.7421370903079,545.9446897133753,545.7176924585193,545.7027546566917,545.6889465925676,545.5341233683582,545.5143462003416,545.4934488363529,545.471340676196,545.4478748011103,545.4230664091597,545.3967745281805,545.3689521917212,545.343069032701,545.3251301397819,545.529755159003,545.5843981959249,545.250236096401,545.1995419857274,545.1537088309954,545.0496791155516,545.1342441567975,545.0219524069031,545.2283269112522,545.0993329064803,545.434968747278,545.5664598559866,545.2060234517612,545.2172298624873,545.2891054359638,545.5821793399737,545.5358388855207,546.5509736733088,547.1805710259964
CLINE_1_y,672.0027127253337,674.8311475375278,675.5185861767695,674.8960625985303,674.8887053318228,674.9494065176656,674.3543700058281,674.5268433769636,674.7108536117651,674.9725824406281,671.1788308890001,672.4042605711362,678.5495850594176,679.8739697674382,678.2335331684501,677.7360294023908,677.8327458920771,677.4615205755746,678.0270494469681,677.1702394300389,677.0324915618942,678.4841516899311,677.7345506443114,677.252800413252,677.684336218709,678.5132626469097,679.7662845066966,677.4724608636042,677.7972207483374,677.9599959397931,678.3179087005941,678.547771590662,679.1255588868205,679.2508191167034,679.2613935975296,679.6889395607724,679.8854527675229,680.5188008853869,680.296376505672,680.5256624111418,680.6646515497459,680.8784452039685,681.2663395015999,681.5025686899769,681.7275960057922,681.6775333342712,681.8660279955616,682.0505004037802,682.2314281723113,682.4088951588997,682.5828864391104,682.7531638080314,682.920243487406,683.0844470715832,683.2455269995952,683.404221590218,683.5594142147654,683.7119697989376,683.8615809057438,684.0079747634342,684.1514552450114,684.2913950797463,684.4278061609841,684.5610879284628,684.6904966787854,685.5984891586847,685.7029883586538,687.1699053862831,685.9761823692762,686.0955790529732,686.2217492016385,685.4706705842594,685.5605424687037,685.6433076333013,685.7184173034252,685.7849715017398,685.8430859208983,685.8919048248174,685.93115903801,685.9825091666851,686.0833893638201,687.5541940829321,688.0944125277347,686.2535855099161,686.1506080134347,686.0779477275937,685.6412711980719,686.3787612570933,685.8951733234821,687.3798068430646,686.7984766295149,689.0465335904203,690.0351051546606,688.0772208798442,688.3508124665443,688.9903320316926,690.9347000097558,690.8621182023905,696.8264262077132,700.4064143443106
AS_Point_x,1761.5256797583083,1761.5256797583083,1761.5256797583083,1761.5256797583083,1761.5256797583083,1761.5256797583083,1761.5256797583083,1761.5256797583083,1761.5256797583083,1761.5256797583083,1761.5256797583083,1761.5256797583083,1761.5256797583083,1761.5256797583083,1761.5256797583083,1761.5256797583083,1761.5256797583083,1761.5256797583083,1761.5256797583083,1761.5256797583083,1761.5256797583083,1761.5256797583083,1761.5256797583083,1761.5256797583083,1761.5256797583083,1761.5256797583083,1761.5256797583083,1761.5256797583083,1761.5256797583083,1761.5256797583083,1761.5256797583083,1761.5256797583083,1761.5256797583083,1761.5256797583083,1761.5256797583083,1761.5256797583083,1761.5256797583083,1761.5256797583083,1761.5256797583083,1761.5256797583083,1761.5256797583083,1761.5256797583083,1761.5256797583083,1761.5256797583083,1761.5256797583083,1761.5256797583083,1761.5256797583083,1761.5256797583083,1761.5256797583083,1761.5256797583083,1761.5256797583083,1761.5256797583083,1761.5256797583083,1761.5256797583083,1761.5256797583083,1761.5256797583083,1761.5256797583083,1761.5256797583083,1761.5256797583083,1761.5256797583083,1761.5256797583083,1761.5256797583083,1761.5256797583083,1761.5256797583083,1761.5256797583083,1761.5256797583083,1761.5256797583083,1761.5256797583083,1761.5256797583083,1761.5256797583083,1761.5256797583083,1761.5256797583083,1761.5256797583083,1761.5256797583083,1761.5256797583083,1761.5256797583083,1761.5256797583083,1761.5256797583083,1761.5256797583083,1761.5256797583083,1761.5256797583083,1761.5256797583083,1761.5256797583083,1761.5256797583083,1761.5256797583083,1761.5256797583083,1761.5256797583083,1761.5256797583083,1761.5256797583083,1761.5256797583083,1761.5256797583083,1761.5256797583083,1761.5256797583083,1761.5256797583083,1761.5256797583083,1761.5256797583083,1761.5256797583083,1761.5256797583083,1761.5256797583083,1761.5256797583083
AS_Point_y,1679.4835449527714,1671.206482902342,1669.2186018033633,1671.07494423571,1671.1257338120622,1670.9769497045327,1672.746765609576,1672.270018973693,1671.760023187327,1671.0236299865624,1682.113732419924,1678.564542408162,1660.6775361263344,1656.8494706540773,1661.6678620627465,1663.1497288902237,1662.9010624745792,1664.0125518338823,1662.401521020787,1664.9207725366014,1665.3507630135955,1661.1731059153276,1663.3774343659966,1664.8028002680528,1663.5845567094498,1661.2188553352426,1657.629532139385,1664.287218428012,1663.3800477343173,1662.9408835017998,1661.939746675046,1661.308552029509,1659.6766054687143,1659.3481876422525,1659.349713514463,1658.1532919313154,1657.6213885349302,1655.8365795186742,1656.5079747535176,1655.8838222357354,1655.51894828632,1654.940266203856,1653.864135774578,1653.2227684414183,1652.614055956685,1652.7915257652876,1652.2878562973835,1651.796150925102,1651.3150265884533,1650.8442253103385,1650.3837709777356,1649.934322937469,1649.4943930511959,1649.0630501286464,1648.6409818610437,1648.2260756974524,1647.821486580549,1647.4247436357305,1647.0367038822696,1646.6581240759342,1646.2881271769984,1645.9284718611498,1645.5791058237337,1645.2388820207675,1644.9098835196537,1642.3842204054,1642.1273779548765,1638.0285594731135,1641.4333982001858,1641.1352826272205,1640.818354828358,1642.9679597091972,1642.7520278768106,1642.556188206959,1642.3819437101943,1642.231778171487,1642.1053222094795,1642.0049268839973,1641.9312951613915,1641.8237893489306,1641.577827525593,1637.5040656355716,1636.0333610639775,1641.2106572331315,1641.533575401094,1641.7714350055348,1643.022312903107,1641.004788946062,1642.3844759630656,1638.292442236318,1639.9441124970258,1633.73563483037,1631.0287045473515,1636.5040212275626,1635.7829948577046,1634.0482330492712,1628.6978563940888,1628.9410876196594,1612.4370533874016,1602.5350034338826
Tyre_Contact_x,527.5256797583082,527.1887958598053,527.0848231055023,527.1169092399845,527.0851408726174,527.0462098448361,527.0760538087504,527.0253246273551,526.9734380650821,526.9135456506226,527.2909551173084,527.1223363295934,526.4569175330636,526.2983627541624,526.4225412868618,526.4384427490472,526.396595977527,526.4005672049761,526.3126485630556,526.3643536378006,526.3455177419635,526.1707126816109,526.211071885931,526.2260225135743,526.1508724085797,526.0378465792091,525.88637795381,526.0741535989812,526.0097571537349,525.9614171002344,525.8940108832963,525.8393522811622,525.7515395301564,525.7071858112076,525.6737182766772,525.6010187634383,525.550077255284,525.4590472052354,525.4469552664698,525.3933451564035,525.3481155065853,525.2961082922965,525.2285393538509,525.1748186594774,525.1222092928144,525.094122398862,525.0448554516562,524.9960256327172,524.9475859601691,524.8995248453081,524.8518395373076,524.8045469639952,524.7575979399588,524.710961172338,524.6646547944938,524.6186123583448,524.572926459256,524.5275201333159,524.4824167044594,524.4376361956902,524.393150007881,524.3490077163771,524.3052050023197,524.2617054599482,524.2185676486839,524.1123218578989,524.0714963258197,523.9233542361796,523.9848037440379,523.9428862486309,523.9004771078783,523.9278427006396,523.8881670967827,523.8490830427794,523.8106310689677,523.772879716774,523.7358156591248,523.6995027885653,523.6639581177292,523.6274499190451,523.5869978699174,523.4404301603778,523.3672897621078,523.4763706316951,523.4520982051481,523.4254104972159,523.4278880581032,523.3371654126545,523.3426290240883,523.194642253947,523.2067506423981,523.0055269846957,522.902237671213,523.01217467929,522.9595920362252,522.8801300439013,522.7100111380087,522.6827918110608,522.277767557003,522.0588345990824
Tyre_Contact_y,202.21779812771604,205.1737107321179,205.89259699867512,205.24103395622672,205.23304976408497,205.2962540888508,204.67365345136568,204.85372583682954,205.0458785742153,205.3193401766124,201.35493699194717,202.6342205432975,209.0635949015201,210.4517517931389,208.73176943426688,208.21023215390915,208.3112407712324,207.9220840820733,208.51417975128493,207.61642226647848,207.47187721483738,208.99219296365106,208.20652481851164,207.70166139705566,208.15331044434322,209.02144299437214,210.33461331205763,207.9304787864528,208.27032037169897,208.44052189752222,208.81517961514123,209.05572118063446,209.6609480684499,209.79193164153207,209.80269804728061,210.25060852549484,210.45633881498065,211.1202547849017,210.88662889333773,211.12679509959423,211.27226301300016,211.49621756032013,211.90287743086992,212.15044238972712,212.38627791065528,212.33339640165855,212.53090282799008,212.72420419163973,212.91380073282141,213.09977948086316,213.28212379440288,213.46058258133132,213.63569697864273,213.8078039117554,213.97664261127647,214.1429878547375,214.30566600336647,214.46558490682037,214.6224209224099,214.77588675203845,214.92630098766142,215.0730037875462,215.21600689213858,215.35572939104986,215.49138894167072,216.44564962184586,216.55517825147547,218.09809256961398,216.8417684884937,216.96698389554342,217.09933070222064,216.30905196615083,216.4031884882537,216.48985502035907,216.5684736551101,216.63809716916091,216.69884647479944,216.74982098273153,216.79073704957852,216.84437470819944,216.95010577167056,218.49726282923552,219.06558067013293,217.12801208093992,217.0193322922206,216.94254458923535,216.48297641759768,217.2582036669935,216.74922936825726,218.31069344526077,217.69861394921475,220.06476951779428,221.10593191292014,219.04326160482276,219.33092846665102,220.00401073413536,222.0525873042751,221.97565930274777,228.27320212293694,232.0624448436273
AntiSquatPercent,134.29688607500503,133.54442588860238,133.36370942505883,133.53246782799945,133.5370850622133,133.52355923425608,133.68445158926002,133.64111098599793,133.59474773269193,133.52780289625878,134.53599402656437,134.21334038913145,132.5872489089653,132.23924295694195,132.6772785395482,132.81199370568254,132.78938766789668,132.89043215510603,132.743974808461,132.97299767353502,133.01208771689815,132.6323007079647,132.83269420348006,132.96227292184878,132.85152350743036,132.63645974613877,132.31015763742445,132.91540184548145,132.83293178241829,132.79300776128036,132.70199532248458,132.6446139910721,132.49625521281803,132.46639904677605,132.46653776243156,132.35777216396357,132.30941730974675,132.14716194463256,132.20819787507284,132.15145673709267,132.1182863780549,132.06567891601273,131.96784887698746,131.9095427557911,131.854205257179,131.87033887614288,131.82455074269703,131.7798502543078,131.73611167824885,131.69331156205658,131.65145207727448,131.610593164523,131.57059953849816,131.53138654553914,131.4930167030298,131.45529796088513,131.41851713207572,131.3824495916377,131.347173250414,131.3127569043835,131.27912082266204,131.24642488485762,131.21466433600162,131.18373489936832,131.15382594472163,130.92422020706218,130.90087089337823,130.52825103139978,130.83778182477,130.81068040904586,130.78186879096745,130.9772874164983,130.9576572499177,130.93985364356752,130.92401323477077,130.910361822161,130.89886582561485,130.88973897784376,130.88304518487962,130.8732719292013,130.85091176344338,130.4805697734414,130.34686935784194,130.81753264594684,130.84688884303438,130.86851244343808,130.98222861594465,130.79881734712237,130.92424343957725,130.55224037350928,130.70239221539182,130.1379851547867,129.89190058360322,130.3896566454406,130.32410879363533,130.16640317468682,129.680005296943,129.7021172265403,128.20175047815326,127.30156411874243
