ground_1_x,1000.9939577039279,1000.9939577039279,1000.9939577039279,1000.9939577039279,1000.9939577039279,1000.9939577039279,1000.9939577039279,1000.9939577039279,1000.9939577039279,1000.9939577039279,1000.9939577039279,1000.9939577039279,1000.9939577039279,1000.9939577039279,1000.9939577039279,1000.9939577039279,1000.9939577039279,1000.9939577039279,1000.9939577039279,1000.9939577039279,1000.9939577039279,1000.9939577039279,1000.9939577039279,1000.9939577039279,1000.9939577039279,1000.9939577039279,1000.9939577039279,1000.9939577039279,1000.9939577039279,1000.9939577039279,1000.9939577039279,1000.9939577039279,1000.9939577039279,1000.9939577039279,1000.9939577039279,1000.9939577039279,1000.9939577039279,1000.9939577039279,1000.9939577039279,1000.9939577039279,1000.9939577039279,1000.9939577039279,1000.9939577039279,1000.9939577039279,1000.9939577039279,1000.9939577039279,1000.9939577039279,1000.9939577039279,1000.9939577039279,1000.9939577039279,1000.9939577039279,1000.9939577039279,1000.9939577039279,1000.9939577039279,1000.9939577039279,1000.9939577039279,1000.9939577039279,1000.9939577039279,1000.9939577039279,1000.9939577039279,1000.9939577039279,1000.9939577039279,1000.9939577039279,1000.9939577039279,1000.9939577039279,1000.9939577039279,1000.9939577039279,1000.9939577039279,1000.9939577039279,1000.9939577039279,1000.9939577039279,1000.9939577039279,1000.9939577039279,1000.9939577039279,1000.9939577039279,1000.9939577039279,1000.9939577039279,1000.9939577039279,1000.9939577039279,1000.9939577039279,1000.9939577039279,1000.9939577039279,1000.9939577039279,1000.9939577039279,1000.9939577039279,1000.9939577039279,1000.9939577039279,1000.9939577039279,1000.9939577039279,1000.9939577039279,1000.9939577039279,1000.9939577039279,1000.9939577039279,1000.9939577039279,1000.9939577039279,1000.9939577039279,1000.9939577039279,1000.9939577039279,1000.9939577039279,1000.9939577039279
ground_1_y,723.4016525279538,723.4016525279538,723.4016525279538,723.4016525279538,723.4016525279538,723.4016525279538,723.4016525279538,723.4016525279538,723.4016525279538,723.4016525279538,723.4016525279538,723.4016525279538,723.4016525279538,723.4016525279538,723.4016525279538,723.4016525279538,723.4016525279538,723.4016525279538,723.4016525279538,723.4016525279538,723.4016525279538,723.4016525279538,723.4016525279538,723.4016525279538,723.4016525279538,723.4016525279538,723.4016525279538,723.4016525279538,723.4016525279538,723.4016525279538,723.4016525279538,723.4016525279538,723.4016525279538,723.4016525279538,723.4016525279538,723.4016525279538,723.4016525279538,723.4016525279538,723.4016525279538,723.4016525279538,723.4016525279538,723.4016525279538,723.4016525279538,723.4016525279538,723.4016525279538,723.4016525279538,723.4016525279538,723.4016525279538,723.4016525279538,723.4016525279538,723.4016525279538,723.4016525279538,723.4016525279538,723.4016525279538,723.4016525279538,723.4016525279538,723.4016525279538,723.4016525279538,723.4016525279538,723.4016525279538,723.4016525279538,723.4016525279538,723.4016525279538,723.4016525279538,723.4016525279538,723.4016525279538,723.4016525279538,723.4016525279538,723.4016525279538,723.4016525279538,723.4016525279538,723.4016525279538,723.4016525279538,723.4016525279538,723.4016525279538,723.4016525279538,723.4016525279538,723.4016525279538,723.4016525279538,723.4016525279538,723.4016525279538,723.4016525279538,723.4016525279538,723.4016525279538,723.4016525279538,723.4016525279538,723.4016525279538,723.4016525279538,723.4016525279538,723.4016525279538,723.4016525279538,723.4016525279538,723.4016525279538,723.4016525279538,723.4016525279538,723.4016525279538,723.4016525279538,723.4016525279538,723.4016525279538,723.4016525279538
ss_link_x,937.6163141993959,938.0167570736096,938.4231135941033,938.8353456034375,939.2534143924563,939.6772807039217,940.1069047362007,940.5422461470022,940.9832640571652,941.4299170544979,941.8821631976656,942.3399600201299,942.8032645341356,943.2720332347478,943.7462221039369,944.225786614712,944.7106817353018,945.2008619333836,945.6962811803587,946.1968929556742,946.7026502511916,947.2135055756012,947.7294109588811,948.2503179568018,948.7761776554757,949.3069406759495,949.8425571788408,950.3829768690191,950.9281490003278,951.4780223803492,952.0325453752123,952.5916659144403,953.1553314958412,953.7234891904368,954.2960856474334,954.8730670992315,955.4543793664745,956.039967863136,956.6297776016459,957.2237531980535,957.8218388772287,958.4239784780985,959.0301154589214,959.6401929025959,960.254153522006,960.8719396654001,961.4934933218044,962.1187561264707,962.7476693663561,963.3801739856375,964.0162105912558,964.6557194584938,965.2986405365839,965.9449134543471,966.5944775258624,967.2472717561648,967.9032348469724,968.5623052024437,969.2244209349601,969.8895198709383,970.5575395566681,971.2284172641763,971.9020899971181,972.5784944966917,973.2575672475787,973.9392444839079,974.623462195244,975.3101561325968,975.9992618144557,976.6907145328435,977.3844493593931,978.0804011514446,978.7785045581616,979.4786940266682,980.1809038082046,980.8850679643006,981.5911203729676,982.2989947349075,983.0086245797382,983.7199432722355,984.4328840185897,985.1473798726784,985.863363742352,986.5807683957348,987.299526467537,988.0195704653812,988.7408327761395,989.4632456722832,990.1867413182415,990.9112517767722,991.6367090153409,992.3630449125089,993.0901912643307,993.8180797907573,994.5466421420492,995.2758099051936,996.0055146103282,996.7356877371719,997.4662607214575,998.1971649613711
ss_link_y,764.4192720011883,765.0314856312374,765.6397901623553,766.2441284739049,766.8444438176824,767.4406798232465,768.0327805032111,768.6206902585034,769.2043538835836,769.7837165716297,770.3587239196838,770.9293219337603,771.495457033916,772.0570760592816,772.6141262730537,773.1665553674462,773.714311468603,774.2573431414683,774.7955993946163,775.3290296850403,775.8575839228979,776.3812124762147,776.8998661755452,777.4134963185893,777.9220546747657,778.4254934897413,778.9237654899147,779.4168238868555,779.9046223816981,780.3871151694889,780.8642569434875,781.336002899421,781.8023087396915,782.2631306775353,782.7184254411349,783.1681502776819,783.6122629573919,784.0507217774698,784.4834855660257,784.910513685941,785.3317660386845,785.7472030680772,786.1567857640073,786.5604756660929,786.9582348672936,787.3500260174701,787.7358123268912,788.1155575696887,788.4892260872588,788.8567827916107,789.2181931686612,789.5734232814759,789.9224397734557,790.265209871469,790.6017013889293,790.9318827288176,791.2557228866492,791.5731914533851,791.8842586182876,792.1888951717195,792.4870725078871,792.7787626275258,793.0639381405297,793.3425722685236,793.6146388473774,793.8801123296627,794.1389677870524,794.3911809126607,794.6367280233263,794.8755860618356,795.1077325990884,795.3331458362035,795.5518046065661,795.763688377815,795.9687772537711,796.1670519763052,796.3584939271461,796.5430851296302,796.7208082503879,796.8916466009723,797.055584139426,797.212605471787,797.3626958535353,797.5058411909762,797.6420280425643,797.771243620166,797.8934757902598,798.0087130750757,798.116944653673,798.2181603629572,798.3123506986327,798.3995068160968,798.4796205312696,798.5526843213622,798.6186913255838,798.6776353457852,798.7295108470414,798.7743129581711,798.812037472194,798.8426808467261
ss_link2_x,564.8066465256799,568.5864540793632,570.1726390805208,571.0288668874393,569.7943749234071,570.1683476371102,571.3212131663765,573.0866545825742,574.0069472379607,573.1324260637716,577.3797949620466,576.5489813935922,576.6514188463649,576.6085776351675,576.7403198587274,576.6304767072575,577.2476677357341,577.3681047445864,576.8215963860183,576.68644913751,576.5391037807285,575.8239881154619,575.8689832350591,575.7855281314854,573.6237268408205,573.8183155428756,571.0502003933782,562.5819605258641,570.3045555969808,570.8305360932234,571.8371103737975,579.1520668964686,580.784013813751,580.4259855556631,580.5639030273564,581.2538176337098,580.9401389799918,581.9731020478966,582.0024540725259,582.3336036025622,582.6592400636121,582.988189331765,583.3157075295799,583.7108881300053,583.9368678492244,584.2708995436269,584.5984602864893,584.8168700112293,584.8438854019411,585.2757597635127,585.4040197640272,585.3268563352822,585.2404318244872,586.7812036395729,585.722327429485,587.2148859422878,587.7276570932829,587.7001956813863,589.2056353120138,589.9151302123855,590.9977416285753,591.6367266925254,592.119681371493,592.3477264395563,593.0843870784515,593.150151413721,595.5976742734074,593.9367346438117,594.6073742657913,595.2207079534327,595.98429900831,596.4577524695662,595.9982216664051,595.8273251934218,596.0612377228354,596.0077120019977,595.8908734601824,595.530744130366,595.8613017269627,596.2476750706251,597.1232219639872,595.9672471615766,596.5126693134566,599.0907200221875,599.6389155604099,599.7928405611506,601.3082215539628,602.6954198244983,614.3587209777729,611.4265384974988,605.0865153964291,605.1816085274202,606.3706192127368,608.0414327459872,606.6483864153606,604.8362477522502,605.875404703825,606.1463293939325,607.0374995186023,608.155560845719
ss_link2_y,630.1797900887846,621.7536504833104,619.3562475623124,618.8477885273677,623.6407253963204,624.3657512056728,623.1038306399635,620.3517621476767,619.753125354314,623.6185875393154,614.971110624021,618.599919747127,620.0355193786529,621.8399094541568,623.2355651195971,625.244363154311,625.4637797412236,626.9265943006897,630.0933059332713,632.258002833338,634.4849002831418,638.261289453422,640.0528380450323,642.2200528552316,650.3762767640294,651.8728198286485,662.6325910353933,698.0678316477794,669.7548744935583,670.3199629469044,669.245629379885,648.8590135752606,646.3516218355601,649.3862681500685,651.0691091150305,651.1986718218,654.2044944006586,653.3554016077678,655.4034511668001,656.5958124574092,657.8158404979486,659.0378701712182,660.2760068920859,661.3229228782253,662.8913685452684,664.1471713659001,665.435277216018,667.0760039147835,669.3421871795549,670.3479697824462,672.3417807831697,675.0443858422785,677.8374505659369,675.1905907124427,681.314501333023,678.7593702861086,679.5694798002886,682.2510054787748,679.6656799926501,679.8200826893075,678.7257143414048,679.1238671585966,680.04797062436,681.8443667323893,681.9202348013843,684.303867577975,678.6108807028801,686.8662991548337,687.1773639494393,687.6938670263512,687.6776989619884,688.6961877582231,693.1479870780963,696.6732548967088,698.7094900799408,701.9507705671771,705.5696931502123,710.4175538430261,712.3156115914971,713.9909337584613,713.3984715054911,722.7403883833556,723.7874040577559,714.6882752610168,715.6265565374255,718.4787912494339,714.8076251497151,711.8812743341332,672.5757723552533,684.206585501258,711.2133574307476,714.150933333357,712.1357764696962,708.0890705863801,717.734638389979,731.1185121949103,729.4057475372142,732.0866831898713,731.1905228433341,729.0226702911112
rear_wheel_x,527.5256797583082,528.5410433576853,528.8246344661823,528.6299381694728,527.5655244223586,527.1990211676869,527.1995681562277,527.3598653056915,527.7967991286114,526.286166157298,527.302632330575,526.1732635030282,525.69305740437,525.3504863442475,524.9924816719416,525.2360167467383,524.8274123510923,524.5350800104212,523.9986098314084,523.6561661852868,523.4024225110016,523.1060989831568,522.9263795417179,522.7589400250187,522.3708685910525,522.3617865194349,522.2469384892345,522.212905370593,522.0885399753681,522.0815492161166,522.0090375635259,522.8858975490837,522.7645193832986,522.5183317978248,522.267082457046,522.1471257008509,522.4956693998881,522.3428649840092,521.810784267668,521.7633757762623,521.7288124645806,521.7064672340026,521.6947493693445,521.6906484647611,521.7033819704055,521.7212349107218,521.7481850798631,521.7890696091889,522.4272438407902,521.9062616988928,522.0140137565284,522.3104128106605,522.1763474320895,522.1942319653731,522.3873463574088,522.487571702988,522.663655387465,522.7546286520527,522.9573573426197,523.2725277039473,523.9401332946455,524.3258026679979,524.6044896277675,524.6686112432858,525.0620077367832,525.0142165843403,525.7476856894281,525.4192245819659,525.7769225332984,526.1793494745516,528.2151964730341,528.043214192991,527.8495032609392,527.9589035721123,528.5720111446146,528.6529404585284,528.6777872238456,528.4691352822613,528.6154299381304,528.8140476894463,529.4537671202806,530.2011872796098,528.9009710171056,529.540329117236,529.8581468023473,529.9423346180341,531.1342745004417,532.4191451894485,588.4812671731519,593.445730569202,534.7343883624725,534.8295103747645,536.0633063610239,538.895964914437,537.8252558544386,535.3335295237188,535.6988981106615,535.9693076360794,536.716502459227,537.8192125935259
rear_wheel_y,570.5177981277162,563.9108562215824,562.4373027171636,562.7072985807949,567.3721910877697,568.6606280064861,568.3068945078141,566.8869652220358,566.7055431324592,571.1319063654445,565.5575340417336,569.4907473362344,571.5311982616693,573.6524438112724,575.5744173064497,577.2023684700866,578.5432022375164,580.4712903482716,583.626588173955,586.0280032888907,588.3772342013294,591.6753695493734,593.722454040124,595.9858153070729,602.183245223135,603.897311611098,611.9604547533299,640.4504457842821,618.5236378751742,619.595609364743,619.5808840580098,606.6270120261527,606.5626530890953,609.4347049248985,611.687584522076,613.0434266171553,615.0424241875968,616.023664498747,618.9838595439467,620.8093447783749,622.6461552495468,624.4839368986504,626.3307379538822,628.1127792510423,630.0825739431607,631.9452580348021,633.8240976378402,635.8202821289567,636.8831880560567,639.7909659549997,641.8273431143921,643.7657731271881,646.6550031376,647.2988919863244,650.6860188294414,651.1949265362449,652.8094452357037,655.2048025824201,655.9889100701638,657.2770727133803,657.4489445582419,658.6626043716437,660.2711495532062,662.636005685116,663.9653001991467,666.784787898984,670.2202393274903,670.904639379068,672.6242652356464,674.1766710426022,668.7892763323532,672.2987879559537,675.6787012436678,678.1448681751236,678.8442424412622,681.6343112742908,684.7892983883412,689.1533965219315,691.6415579195058,693.937762785052,694.1561055119861,697.7554101869667,704.3430727152888,704.0973880063582,706.6784796822436,710.0924578812028,709.8035345428136,708.6149321457669,737.9958086779438,752.2221301518608,711.257963153204,714.2287368779239,714.6468574010552,721.063200469671,732.3223204425444,720.2191577774316,724.4376804833051,727.1258984666389,729.0974054439107,730.5132682981703
linkage1_x,911.5196374622358,911.4550964548788,911.4617706108854,911.3938488123824,911.2849030800488,911.21856363699,911.1934481854792,911.161320386359,911.3383421631083,911.0133710087728,911.0552783651185,910.9111791725687,910.8829778024475,910.8780402679128,910.877039448156,910.9552027874395,910.8952340646149,910.8864089929617,910.8784738886827,910.9051460029419,910.925649282019,910.931627787812,910.9692099676829,910.9891953739295,910.9121288234808,910.8771867620119,911.0203661401729,911.3269732805556,911.0880508478574,911.1076052034923,911.0511537796485,911.2433176151742,911.1607653867067,911.1127891194486,911.0249731098413,910.9874903087076,911.2958429117771,911.2119895316212,910.8999881256045,910.8937111773355,910.8893477784668,910.8866506239515,910.8846642332253,910.8804368451723,910.8847083950482,910.8849879789196,910.8872085855869,910.8985009357309,911.6105785901423,910.9447738752863,911.0279110733672,911.3484567248202,910.9996177107837,910.9692010511499,910.8893221442169,910.8766220945563,910.8884632207918,910.8760762300798,910.9040619207601,910.9846620117257,911.3377706360459,911.5009687608309,911.5701038924641,911.450822256634,911.5961507294437,911.3714549343431,911.5385131764565,911.3094735086252,911.3761451185471,911.475513584201,916.8773441867863,916.4612715691492,915.9745321042888,915.8784620949441,916.5314045314349,916.3516269000366,916.0292979710662,915.1852326301979,914.9927592727888,914.8744760678702,915.6992219681586,916.0802931313538,912.3222825057279,910.8763213550919,910.8857436198541,911.2540041835492,910.9104177905933,911.3687730551444,945.8179396711364,944.444359457816,912.1189608053055,911.80726002487,912.3446752424209,912.8895653306605,911.0908563045139,918.2681618095368,917.6640230779201,917.2709379779857,917.7788990416989,918.9454889771189
linkage1_y,633.9086645863518,633.5283069374912,633.561022716065,633.1455709392862,632.404490340206,631.8963181281995,631.6982314836428,631.4331082630009,632.7785805245715,629.9089371740323,630.3932353565845,628.197627254689,627.1952506404265,626.9278290199944,626.1992093885681,629.0721190343719,627.7509103824611,627.4011539420118,625.9790649672573,624.8608390556433,624.3704310096285,624.2502173754465,623.5975817973075,623.3176709927317,624.6654737714529,626.8220859361036,629.9877522779976,632.7042429684974,630.7360104729297,630.9309199652315,630.3509032587004,632.0882724645585,631.4246239273544,630.9778997301017,630.046886216082,629.5640911053448,632.4833697074746,631.8529246544261,627.8918865252376,627.690011472132,627.528701481976,627.4073527206042,627.3164720698986,627.0783113138634,627.3155058453201,627.3262969636254,627.4537060867657,627.844571738194,634.4146952211411,628.8915372048103,630.082165471366,632.8496432751423,629.7367883002174,629.3048675377598,627.5348565854268,626.220799135311,625.4003210928421,626.3690013374561,624.8904228004692,623.3792495677937,620.1282788915753,619.1005990573343,618.709449873714,619.4008030473573,618.5657649104254,619.9035989415628,618.8860506188322,620.3232466854778,619.8701085733127,619.2528380928494,648.503901353425,647.7799338303272,646.8911433609417,646.7095756052513,647.9044527452612,647.5830259089579,646.9928881705953,645.3307818637044,644.9262405201862,644.6720836182111,646.3626947437833,647.0890784610474,637.5758696897979,626.2987856572663,627.3832593535399,632.1747310363976,624.7162705654094,619.91915409544,583.7873005093917,584.0861018241542,616.1230800364294,617.4943698089002,615.2381408001235,613.3666436481441,622.1290673634785,650.7149931566867,649.78913855348,649.1590580656933,649.9695884998981,651.6937088381009
ground3_x,954.3927492447125,954.3927492447125,954.3927492447125,954.3927492447125,954.3927492447125,954.3927492447125,954.3927492447125,954.3927492447125,954.3927492447125,954.3927492447125,954.3927492447125,954.3927492447125,954.3927492447125,954.3927492447125,954.3927492447125,954.3927492447125,954.3927492447125,954.3927492447125,954.3927492447125,954.3927492447125,954.3927492447125,954.3927492447125,954.3927492447125,954.3927492447125,954.3927492447125,954.3927492447125,954.3927492447125,954.3927492447125,954.3927492447125,954.3927492447125,954.3927492447125,954.3927492447125,954.3927492447125,954.3927492447125,954.3927492447125,954.3927492447125,954.3927492447125,954.3927492447125,954.3927492447125,954.3927492447125,954.3927492447125,954.3927492447125,954.3927492447125,954.3927492447125,954.3927492447125,954.3927492447125,954.3927492447125,954.3927492447125,954.3927492447125,954.3927492447125,954.3927492447125,954.3927492447125,954.3927492447125,954.3927492447125,954.3927492447125,954.3927492447125,954.3927492447125,954.3927492447125,954.3927492447125,954.3927492447125,954.3927492447125,954.3927492447125,954.3927492447125,954.3927492447125,954.3927492447125,954.3927492447125,954.3927492447125,954.3927492447125,954.3927492447125,954.3927492447125,954.3927492447125,954.3927492447125,954.3927492447125,954.3927492447125,954.3927492447125,954.3927492447125,954.3927492447125,954.3927492447125,954.3927492447125,954.3927492447125,954.3927492447125,954.3927492447125,954.3927492447125,954.3927492447125,954.3927492447125,954.3927492447125,954.3927492447125,954.3927492447125,954.3927492447125,954.3927492447125,954.3927492447125,954.3927492447125,954.3927492447125,954.3927492447125,954.3927492447125,954.3927492447125,954.3927492447125,954.3927492447125,954.3927492447125,954.3927492447125
ground3_y,626.4509155912177,626.4509155912177,626.4509155912177,626.4509155912177,626.4509155912177,626.4509155912177,626.4509155912177,626.4509155912177,626.4509155912177,626.4509155912177,626.4509155912177,626.4509155912177,626.4509155912177,626.4509155912177,626.4509155912177,626.4509155912177,626.4509155912177,626.4509155912177,626.4509155912177,626.4509155912177,626.4509155912177,626.4509155912177,626.4509155912177,626.4509155912177,626.4509155912177,626.4509155912177,626.4509155912177,626.4509155912177,626.4509155912177,626.4509155912177,626.4509155912177,626.4509155912177,626.4509155912177,626.4509155912177,626.4509155912177,626.4509155912177,626.4509155912177,626.4509155912177,626.4509155912177,626.4509155912177,626.4509155912177,626.4509155912177,626.4509155912177,626.4509155912177,626.4509155912177,626.4509155912177,626.4509155912177,626.4509155912177,626.4509155912177,626.4509155912177,626.4509155912177,626.4509155912177,626.4509155912177,626.4509155912177,626.4509155912177,626.4509155912177,626.4509155912177,626.4509155912177,626.4509155912177,626.4509155912177,626.4509155912177,626.4509155912177,626.4509155912177,626.4509155912177,626.4509155912177,626.4509155912177,626.4509155912177,626.4509155912177,626.4509155912177,626.4509155912177,626.4509155912177,626.4509155912177,626.4509155912177,626.4509155912177,626.4509155912177,626.4509155912177,626.4509155912177,626.4509155912177,626.4509155912177,626.4509155912177,626.4509155912177,626.4509155912177,626.4509155912177,626.4509155912177,626.4509155912177,626.4509155912177,626.4509155912177,626.4509155912177,626.4509155912177,626.4509155912177,626.4509155912177,626.4509155912177,626.4509155912177,626.4509155912177,626.4509155912177,626.4509155912177,626.4509155912177,626.4509155912177,626.4509155912177,626.4509155912177
lower_shock_x,995.401812688822,995.2403178188408,995.4510437007852,995.7897236509688,996.481743389983,996.9138889519462,997.2235475156311,997.438521922596,997.8002138344386,998.4656380190562,998.2902624741382,998.9608920393653,999.4838474586774,1000.0372222797422,1000.5680674679647,1001.1451952358176,1001.6081863382881,1002.1595922471176,1002.8276799469295,1003.4337519026927,1004.0479303042003,1004.762548865385,1005.3568094483336,1005.9783510573759,1006.9528366330061,1007.5398499020218,1008.6301283028434,1010.7088934838198,1010.0248521600595,1010.5787680809634,1011.0568483054026,1010.4822014843148,1010.867794634629,1011.590322687479,1012.2354413420918,1012.7935763391465,1013.5243369134653,1014.0351952532242,1014.7186332106816,1015.3565448429956,1016.0001953958301,1016.6480448046226,1017.300821940377,1017.9468881290765,1018.6258587672847,1019.2912198279437,1019.9620915296912,1020.6556505937752,1021.3857017019653,1022.05194604792,1022.7734384049776,1023.5337203665749,1024.299755370888,1024.795065585788,1025.7332473765207,1026.2440239887262,1026.9241818707478,1027.6993752162666,1028.2188756193764,1028.8764750548773,1029.4744993765587,1030.150759054565,1030.8566244606968,1031.608769179002,1032.278109086941,1033.0639544017674,1033.4503654290427,1034.5338478446013,1035.2260841346367,1035.9307823922227,1036.6126725499348,1037.3463587455744,1038.2411874500963,1039.089883216286,1039.8721156669903,1040.7060524277158,1041.5535006705004,1042.4456871152925,1043.2209782010036,1043.9886932974418,1044.6733995128145,1045.7144790471532,1046.4604637900761,1046.852607356374,1047.601013778761,1048.4196904341115,1049.0026943908758,1049.6098645533084,1048.4764727573456,1049.8155424483134,1051.745690539655,1052.5813142490235,1053.228461441555,1053.793613692318,1054.8894900497198,1056.0655149621314,1056.7402779891156,1057.5520526307553,1058.2540451514922,1058.9162460229
lower_shock_y,786.7925189865889,788.8052129784171,789.8790394099824,790.6557002700858,790.6066906914957,791.1829773658892,792.0622443746365,793.167376780492,793.9340978035679,794.0046279994486,796.0073564827819,796.1046287564055,796.5361745890368,796.9054025427141,797.3326194667682,797.6595531130226,798.2581495200237,798.6587582108556,798.7899589675718,799.0707228474984,799.336188480733,799.3558426750186,799.6772444197384,799.9346022124,799.257526700323,799.6069547096199,798.5132396452241,793.5769722238367,798.5407617885542,799.0104305019566,799.7284473567103,803.4360460616932,804.363284223816,804.425161211013,804.690159055692,805.1895177586111,805.236463447396,805.8745531622924,806.0568689440172,806.3652230036397,806.6626087115775,806.9529597569042,807.234043234875,807.537970943354,807.7541489635652,808.0119165803261,808.2577284154512,808.4418460273695,808.5218789357772,808.7904021170815,808.8984928611864,808.8894017813914,808.8590304024588,809.6658699233194,809.1039152265241,809.8820606264247,810.1304104008278,810.080837617104,810.8415878824421,811.1695467535063,811.6838915652884,811.9590560110436,812.1450513817404,812.1880674138415,812.4905933220336,812.4272062656456,813.6100096765477,812.6197397241151,812.8551125344435,813.0508543227816,813.321562345536,813.423814336621,812.9849729828081,812.682084866277,812.6026355906316,812.3279874123822,811.9866405029637,811.4461523320742,811.3563296872516,811.2931668936499,811.5747545472442,810.3027740700345,810.3132743019032,811.8944284963369,811.9058509661538,811.6114576396158,812.3237928715848,812.9120769075095,819.1415308588356,817.4538188342387,813.3667970999746,813.0106687978215,813.4166375170118,814.1302755845817,812.7065131136718,810.6917010785712,811.0183079266541,810.6526873196625,810.8358172617958,811.2087316061513
linkage2_x,1000.9939577039277,1000.9259046353575,1000.933147363198,1000.8540392192405,1000.7044733005177,1000.5950414157415,1000.5498091098044,1000.4878747656943,1000.7817148468549,1000.1037278505246,1000.2326180097783,999.6062883317948,999.2829298546832,999.1914014558316,998.9374036545742,999.8693527282614,999.4645747182783,999.3507809033775,998.8575246210085,998.4366518911924,998.2422238859828,998.1938666939707,997.924761056835,997.8069291936304,998.3594263479822,999.1555230041905,1000.1256569609593,1000.7661299636669,1000.320159780607,1000.3684780669123,1000.221263379524,1000.6375591904939,1000.4862933736624,1000.3802882621505,1000.1411918111296,1000.0092041928406,1000.720978615513,1000.5842527332012,999.5099310536629,999.4452535721605,999.392772289311,999.3529981789669,999.3228997072081,999.2429672303015,999.3225316174005,999.3261799259409,999.3677513344433,999.4949543668259,1001.0786478233675,999.8166147642604,1000.1505997607721,1000.795588506365,1000.0564175443719,999.9356698560018,999.3945311073991,998.9449156296696,998.6431798827728,998.9976849626772,998.4481793314218,997.8330256821221,996.3252653995313,995.7951815803766,995.5866707894166,995.9526190422528,995.5092339870644,996.2118005330572,995.6814135188525,996.4226311568762,996.1940993355851,995.8753986215886,1000.6412670351724,1000.8131651373278,1000.9981045583444,1001.0327018617385,1000.7847098784395,1000.8570797311263,1000.9787172305228,1001.2601345703738,1001.3143273448648,1001.3460131496994,1001.0968190359,1000.9590497413285,1001.4636907934059,998.972758301656,999.3446260986117,1000.6556332310622,998.3797461931281,996.2192076453551,948.1554761336969,949.6693040881848,994.1119077192322,994.9146739773071,993.5680487110616,992.3509497297861,997.2827865451064,999.9938406473743,1000.288901677351,1000.4696485546783,1000.2336740428825,999.6446174348248
linkage2_y,633.9086645863512,634.3210655671038,634.2867807739402,634.7356385735548,635.5340980311888,636.0795229495246,636.2911330800797,636.5732119028594,635.1316775623612,638.1891727094593,637.6771955853214,639.9803092051543,641.0192319727082,641.2946038287332,642.043016965846,639.0685145354449,640.4444472768091,640.8067082091233,642.268344108818,643.4050958390252,643.9016824324958,644.0228156821262,644.678049474631,644.9587217325734,643.6028478865237,641.4025294487574,638.1057034022591,635.2124763162371,637.3151227327062,637.1075337926629,637.7228457882541,635.872919857146,636.5825336361811,637.0579967293736,638.0439823826283,638.5523300788254,635.4496952258967,636.1252253157015,640.2988199497016,640.5071219971434,640.6739604207014,640.7998630524293,640.8933822103247,641.139506378649,640.895101067741,640.8839350213026,640.7521096593996,640.3474682883793,633.3570703388505,639.2573405850453,638.0068322681938,635.0552268187374,638.3704657387731,638.8243954203882,640.668095679279,642.0204718067921,642.8578033365183,641.8685515596992,643.3750512657946,644.8970494201814,648.1064796296388,649.1029267644636,649.4807103217803,648.8133908749323,649.6181149167046,648.324889225496,649.3101579135817,647.9168035032716,648.3581521205501,648.9565986020609,617.0514100091378,617.9401611405847,619.0227722233459,619.2430608563405,617.7874389355017,618.1809439329257,618.8992919217363,620.902002960494,621.3839197278173,621.686713109588,619.6624251240114,618.782707110104,629.8646239277743,641.940773383668,640.8249889045383,635.7806575974508,643.5516248631749,648.3103099818283,673.2310812098912,673.4077337859719,651.939426012573,650.6426990104013,652.7670308061781,654.4950082167388,646.1416712229865,614.2929201623132,615.4557230644533,616.2405444132125,615.2296394179402,613.0504086570926
ground2_x,1002.8580060422961,1002.8580060422961,1002.8580060422961,1002.8580060422961,1002.8580060422961,1002.8580060422961,1002.8580060422961,1002.8580060422961,1002.8580060422961,1002.8580060422961,1002.8580060422961,1002.8580060422961,1002.8580060422961,1002.8580060422961,1002.8580060422961,1002.8580060422961,1002.8580060422961,1002.8580060422961,1002.8580060422961,1002.8580060422961,1002.8580060422961,1002.8580060422961,1002.8580060422961,1002.8580060422961,1002.8580060422961,1002.8580060422961,1002.8580060422961,1002.8580060422961,1002.8580060422961,1002.8580060422961,1002.8580060422961,1002.8580060422961,1002.8580060422961,1002.8580060422961,1002.8580060422961,1002.8580060422961,1002.8580060422961,1002.8580060422961,1002.8580060422961,1002.8580060422961,1002.8580060422961,1002.8580060422961,1002.8580060422961,1002.8580060422961,1002.8580060422961,1002.8580060422961,1002.8580060422961,1002.8580060422961,1002.8580060422961,1002.8580060422961,1002.8580060422961,1002.8580060422961,1002.8580060422961,1002.8580060422961,1002.8580060422961,1002.8580060422961,1002.8580060422961,1002.8580060422961,1002.8580060422961,1002.8580060422961,1002.8580060422961,1002.8580060422961,1002.8580060422961,1002.8580060422961,1002.8580060422961,1002.8580060422961,1002.8580060422961,1002.8580060422961,1002.8580060422961,1002.8580060422961,1002.8580060422961,1002.8580060422961,1002.8580060422961,1002.8580060422961,1002.8580060422961,1002.8580060422961,1002.8580060422961,1002.8580060422961,1002.8580060422961,1002.8580060422961,1002.8580060422961,1002.8580060422961,1002.8580060422961,1002.8580060422961,1002.8580060422961,1002.8580060422961,1002.8580060422961,1002.8580060422961,1002.8580060422961,1002.8580060422961,1002.8580060422961,1002.8580060422961,1002.8580060422961,1002.8580060422961,1002.8580060422961,1002.8580060422961,1002.8580060422961,1002.8580060422961,1002.8580060422961,1002.8580060422961
ground2_y,671.1974095620187,671.1974095620187,671.1974095620187,671.1974095620187,671.1974095620187,671.1974095620187,671.1974095620187,671.1974095620187,671.1974095620187,671.1974095620187,671.1974095620187,671.1974095620187,671.1974095620187,671.1974095620187,671.1974095620187,671.1974095620187,671.1974095620187,671.1974095620187,671.1974095620187,671.1974095620187,671.1974095620187,671.1974095620187,671.1974095620187,671.1974095620187,671.1974095620187,671.1974095620187,671.1974095620187,671.1974095620187,671.1974095620187,671.1974095620187,671.1974095620187,671.1974095620187,671.1974095620187,671.1974095620187,671.1974095620187,671.1974095620187,671.1974095620187,671.1974095620187,671.1974095620187,671.1974095620187,671.1974095620187,671.1974095620187,671.1974095620187,671.1974095620187,671.1974095620187,671.1974095620187,671.1974095620187,671.1974095620187,671.1974095620187,671.1974095620187,671.1974095620187,671.1974095620187,671.1974095620187,671.1974095620187,671.1974095620187,671.1974095620187,671.1974095620187,671.1974095620187,671.1974095620187,671.1974095620187,671.1974095620187,671.1974095620187,671.1974095620187,671.1974095620187,671.1974095620187,671.1974095620187,671.1974095620187,671.1974095620187,671.1974095620187,671.1974095620187,671.1974095620187,671.1974095620187,671.1974095620187,671.1974095620187,671.1974095620187,671.1974095620187,671.1974095620187,671.1974095620187,671.1974095620187,671.1974095620187,671.1974095620187,671.1974095620187,671.1974095620187,671.1974095620187,671.1974095620187,671.1974095620187,671.1974095620187,671.1974095620187,671.1974095620187,671.1974095620187,671.1974095620187,671.1974095620187,671.1974095620187,671.1974095620187,671.1974095620187,671.1974095620187,671.1974095620187,671.1974095620187,671.1974095620187,671.1974095620187
upper_ground_x,1168.7583081571001,1168.7583081571001,1168.7583081571001,1168.7583081571001,1168.7583081571001,1168.7583081571001,1168.7583081571001,1168.7583081571001,1168.7583081571001,1168.7583081571001,1168.7583081571001,1168.7583081571001,1168.7583081571001,1168.7583081571001,1168.7583081571001,1168.7583081571001,1168.7583081571001,1168.7583081571001,1168.7583081571001,1168.7583081571001,1168.7583081571001,1168.7583081571001,1168.7583081571001,1168.7583081571001,1168.7583081571001,1168.7583081571001,1168.7583081571001,1168.7583081571001,1168.7583081571001,1168.7583081571001,1168.7583081571001,1168.7583081571001,1168.7583081571001,1168.7583081571001,1168.7583081571001,1168.7583081571001,1168.7583081571001,1168.7583081571001,1168.7583081571001,1168.7583081571001,1168.7583081571001,1168.7583081571001,1168.7583081571001,1168.7583081571001,1168.7583081571001,1168.7583081571001,1168.7583081571001,1168.7583081571001,1168.7583081571001,1168.7583081571001,1168.7583081571001,1168.7583081571001,1168.7583081571001,1168.7583081571001,1168.7583081571001,1168.7583081571001,1168.7583081571001,1168.7583081571001,1168.7583081571001,1168.7583081571001,1168.7583081571001,1168.7583081571001,1168.7583081571001,1168.7583081571001,1168.7583081571001,1168.7583081571001,1168.7583081571001,1168.7583081571001,1168.7583081571001,1168.7583081571001,1168.7583081571001,1168.7583081571001,1168.7583081571001,1168.7583081571001,1168.7583081571001,1168.7583081571001,1168.7583081571001,1168.7583081571001,1168.7583081571001,1168.7583081571001,1168.7583081571001,1168.7583081571001,1168.7583081571001,1168.7583081571001,1168.7583081571001,1168.7583081571001,1168.7583081571001,1168.7583081571001,1168.7583081571001,1168.7583081571001,1168.7583081571001,1168.7583081571001,1168.7583081571001,1168.7583081571001,1168.7583081571001,1168.7583081571001,1168.7583081571001,1168.7583081571001,1168.7583081571001,1168.7583081571001
upper_ground_y,870.6921951818415,870.6921951818415,870.6921951818415,870.6921951818415,870.6921951818415,870.6921951818415,870.6921951818415,870.6921951818415,870.6921951818415,870.6921951818415,870.6921951818415,870.6921951818415,870.6921951818415,870.6921951818415,870.6921951818415,870.6921951818415,870.6921951818415,870.6921951818415,870.6921951818415,870.6921951818415,870.6921951818415,870.6921951818415,870.6921951818415,870.6921951818415,870.6921951818415,870.6921951818415,870.6921951818415,870.6921951818415,870.6921951818415,870.6921951818415,870.6921951818415,870.6921951818415,870.6921951818415,870.6921951818415,870.6921951818415,870.6921951818415,870.6921951818415,870.6921951818415,870.6921951818415,870.6921951818415,870.6921951818415,870.6921951818415,870.6921951818415,870.6921951818415,870.6921951818415,870.6921951818415,870.6921951818415,870.6921951818415,870.6921951818415,870.6921951818415,870.6921951818415,870.6921951818415,870.6921951818415,870.6921951818415,870.6921951818415,870.6921951818415,870.6921951818415,870.6921951818415,870.6921951818415,870.6921951818415,870.6921951818415,870.6921951818415,870.6921951818415,870.6921951818415,870.6921951818415,870.6921951818415,870.6921951818415,870.6921951818415,870.6921951818415,870.6921951818415,870.6921951818415,870.6921951818415,870.6921951818415,870.6921951818415,870.6921951818415,870.6921951818415,870.6921951818415,870.6921951818415,870.6921951818415,870.6921951818415,870.6921951818415,870.6921951818415,870.6921951818415,870.6921951818415,870.6921951818415,870.6921951818415,870.6921951818415,870.6921951818415,870.6921951818415,870.6921951818415,870.6921951818415,870.6921951818415,870.6921951818415,870.6921951818415,870.6921951818415,870.6921951818415,870.6921951818415,870.6921951818415,870.6921951818415,870.6921951818415
bottom_bracket_x,946.9365558912389,946.9365558912389,946.9365558912389,946.9365558912389,946.9365558912389,946.9365558912389,946.9365558912389,946.9365558912389,946.9365558912389,946.9365558912389,946.9365558912389,946.9365558912389,946.9365558912389,946.9365558912389,946.9365558912389,946.9365558912389,946.9365558912389,946.9365558912389,946.9365558912389,946.9365558912389,946.9365558912389,946.9365558912389,946.9365558912389,946.9365558912389,946.9365558912389,946.9365558912389,946.9365558912389,946.9365558912389,946.9365558912389,946.9365558912389,946.9365558912389,946.9365558912389,946.9365558912389,946.9365558912389,946.9365558912389,946.9365558912389,946.9365558912389,946.9365558912389,946.9365558912389,946.9365558912389,946.9365558912389,946.9365558912389,946.9365558912389,946.9365558912389,946.9365558912389,946.9365558912389,946.9365558912389,946.9365558912389,946.9365558912389,946.9365558912389,946.9365558912389,946.9365558912389,946.9365558912389,946.9365558912389,946.9365558912389,946.9365558912389,946.9365558912389,946.9365558912389,946.9365558912389,946.9365558912389,946.9365558912389,946.9365558912389,946.9365558912389,946.9365558912389,946.9365558912389,946.9365558912389,946.9365558912389,946.9365558912389,946.9365558912389,946.9365558912389,946.9365558912389,946.9365558912389,946.9365558912389,946.9365558912389,946.9365558912389,946.9365558912389,946.9365558912389,946.9365558912389,946.9365558912389,946.9365558912389,946.9365558912389,946.9365558912389,946.9365558912389,946.9365558912389,946.9365558912389,946.9365558912389,946.9365558912389,946.9365558912389,946.9365558912389,946.9365558912389,946.9365558912389,946.9365558912389,946.9365558912389,946.9365558912389,946.9365558912389,946.9365558912389,946.9365558912389,946.9365558912389,946.9365558912389,946.9365558912389
bottom_bracket_y,533.2290531520484,533.2290531520484,533.2290531520484,533.2290531520484,533.2290531520484,533.2290531520484,533.2290531520484,533.2290531520484,533.2290531520484,533.2290531520484,533.2290531520484,533.2290531520484,533.2290531520484,533.2290531520484,533.2290531520484,533.2290531520484,533.2290531520484,533.2290531520484,533.2290531520484,533.2290531520484,533.2290531520484,533.2290531520484,533.2290531520484,533.2290531520484,533.2290531520484,533.2290531520484,533.2290531520484,533.2290531520484,533.2290531520484,533.2290531520484,533.2290531520484,533.2290531520484,533.2290531520484,533.2290531520484,533.2290531520484,533.2290531520484,533.2290531520484,533.2290531520484,533.2290531520484,533.2290531520484,533.2290531520484,533.2290531520484,533.2290531520484,533.2290531520484,533.2290531520484,533.2290531520484,533.2290531520484,533.2290531520484,533.2290531520484,533.2290531520484,533.2290531520484,533.2290531520484,533.2290531520484,533.2290531520484,533.2290531520484,533.2290531520484,533.2290531520484,533.2290531520484,533.2290531520484,533.2290531520484,533.2290531520484,533.2290531520484,533.2290531520484,533.2290531520484,533.2290531520484,533.2290531520484,533.2290531520484,533.2290531520484,533.2290531520484,533.2290531520484,533.2290531520484,533.2290531520484,533.2290531520484,533.2290531520484,533.2290531520484,533.2290531520484,533.2290531520484,533.2290531520484,533.2290531520484,533.2290531520484,533.2290531520484,533.2290531520484,533.2290531520484,533.2290531520484,533.2290531520484,533.2290531520484,533.2290531520484,533.2290531520484,533.2290531520484,533.2290531520484,533.2290531520484,533.2290531520484,533.2290531520484,533.2290531520484,533.2290531520484,533.2290531520484,533.2290531520484,533.2290531520484,533.2290531520484,533.2290531520484
front_wheel_x,1761.5256797583083,1761.5256797583083,1761.5256797583083,1761.5256797583083,1761.5256797583083,1761.5256797583083,1761.5256797583083,1761.5256797583083,1761.5256797583083,1761.5256797583083,1761.5256797583083,1761.5256797583083,1761.5256797583083,1761.5256797583083,1761.5256797583083,1761.5256797583083,1761.5256797583083,1761.5256797583083,1761.5256797583083,1761.5256797583083,1761.5256797583083,1761.5256797583083,1761.5256797583083,1761.5256797583083,1761.5256797583083,1761.5256797583083,1761.5256797583083,1761.5256797583083,1761.5256797583083,1761.5256797583083,1761.5256797583083,1761.5256797583083,1761.5256797583083,1761.5256797583083,1761.5256797583083,1761.5256797583083,1761.5256797583083,1761.5256797583083,1761.5256797583083,1761.5256797583083,1761.5256797583083,1761.5256797583083,1761.5256797583083,1761.5256797583083,1761.5256797583083,1761.5256797583083,1761.5256797583083,1761.5256797583083,1761.5256797583083,1761.5256797583083,1761.5256797583083,1761.5256797583083,1761.5256797583083,1761.5256797583083,1761.5256797583083,1761.5256797583083,1761.5256797583083,1761.5256797583083,1761.5256797583083,1761.5256797583083,1761.5256797583083,1761.5256797583083,1761.5256797583083,1761.5256797583083,1761.5256797583083,1761.5256797583083,1761.5256797583083,1761.5256797583083,1761.5256797583083,1761.5256797583083,1761.5256797583083,1761.5256797583083,1761.5256797583083,1761.5256797583083,1761.5256797583083,1761.5256797583083,1761.5256797583083,1761.5256797583083,1761.5256797583083,1761.5256797583083,1761.5256797583083,1761.5256797583083,1761.5256797583083,1761.5256797583083,1761.5256797583083,1761.5256797583083,1761.5256797583083,1761.5256797583083,1761.5256797583083,1761.5256797583083,1761.5256797583083,1761.5256797583083,1761.5256797583083,1761.5256797583083,1761.5256797583083,1761.5256797583083,1761.5256797583083,1761.5256797583083,1761.5256797583083,1761.5256797583083
front_wheel_y,576.1111098740664,576.1111098740664,576.1111098740664,576.1111098740664,576.1111098740664,576.1111098740664,576.1111098740664,576.1111098740664,576.1111098740664,576.1111098740664,576.1111098740664,576.1111098740664,576.1111098740664,576.1111098740664,576.1111098740664,576.1111098740664,576.1111098740664,576.1111098740664,576.1111098740664,576.1111098740664,576.1111098740664,576.1111098740664,576.1111098740664,576.1111098740664,576.1111098740664,576.1111098740664,576.1111098740664,576.1111098740664,576.1111098740664,576.1111098740664,576.1111098740664,576.1111098740664,576.1111098740664,576.1111098740664,576.1111098740664,576.1111098740664,576.1111098740664,576.1111098740664,576.1111098740664,576.1111098740664,576.1111098740664,576.1111098740664,576.1111098740664,576.1111098740664,576.1111098740664,576.1111098740664,576.1111098740664,576.1111098740664,576.1111098740664,576.1111098740664,576.1111098740664,576.1111098740664,576.1111098740664,576.1111098740664,576.1111098740664,576.1111098740664,576.1111098740664,576.1111098740664,576.1111098740664,576.1111098740664,576.1111098740664,576.1111098740664,576.1111098740664,576.1111098740664,576.1111098740664,576.1111098740664,576.1111098740664,576.1111098740664,576.1111098740664,576.1111098740664,576.1111098740664,576.1111098740664,576.1111098740664,576.1111098740664,576.1111098740664,576.1111098740664,576.1111098740664,576.1111098740664,576.1111098740664,576.1111098740664,576.1111098740664,576.1111098740664,576.1111098740664,576.1111098740664,576.1111098740664,576.1111098740664,576.1111098740664,576.1111098740664,576.1111098740664,576.1111098740664,576.1111098740664,576.1111098740664,576.1111098740664,576.1111098740664,576.1111098740664,576.1111098740664,576.1111098740664,576.1111098740664,576.1111098740664,576.1111098740664
ShockLength,192.591874664305,191.86967145802956,191.2228387487693,190.58848796245329,189.9813222330867,189.3468249790876,188.69775640497036,188.04405500732645,187.39924100051357,186.7634237828667,186.11066527868022,185.45745492033487,184.8051904977302,184.15019844573717,183.49273667413888,182.8330452372186,182.16984985167554,181.50467813449896,180.8394452292821,180.1717075460401,179.502613531875,178.83926933043497,178.16613879190112,177.49352494166433,176.8726165244323,176.1945024543558,175.64405940934688,175.8589636340136,174.36209276522928,173.66358940872016,172.93236812333717,171.97300816688224,171.25693763835469,170.56698229103424,169.86958706250624,169.1614563683405,168.46969651827996,167.75150784311887,167.05073138262003,166.34320045463744,165.6346248763763,164.92489911991962,164.21421125960194,163.50088822399144,162.79112390286937,162.07784493618936,161.36411225249037,160.6533633235643,159.94947125738082,159.23124275073116,158.52458434904642,157.82828064395395,157.1356539418127,156.36376685858326,155.7218168374072,154.94577650478868,154.22272580678492,153.5296688860073,152.75283071724834,152.01931754866322,151.26783955658834,150.53781686030925,149.81536107306417,149.10643516562038,148.37207013881647,147.67452920013594,146.8557634802259,146.2484729119289,145.51969963392347,144.79528920807306,144.06199541190557,143.34841433643626,142.70543889976736,142.0530651744465,141.3720182642179,140.72583609963118,140.09784151748238,139.51692308751572,138.85375812882387,138.18719677961795,137.44794047364206,137.064459522726,136.3905305490329,135.3446609767789,134.66597286369284,134.05937663592556,133.22266104825061,132.4193855936575,130.8632527460512,130.31387581752114,130.30024538323377,129.70833589059598,128.94818722236684,128.12545306030168,127.78281207612595,127.67037608905432,126.92128230860384,126.37869192440378,125.67409486493194,124.91421477499652
LeverageRatio,-9.148314281526273,-2.2781060439941228,0.4256254890127517,7.68306292886675,2.0306422298846614,-0.5449863277591297,-2.1721374482234896,-0.2813556896403355,6.961691363702182,-8.53971612466088,6.021357812610537,3.12825727530366,3.238582121948789,2.9233235728748155,2.4677463925208762,2.0217778902846333,2.898632129067759,4.743147551690609,3.596345054657217,3.5110625154376356,4.971981877408703,3.0411404230885193,3.365023283644993,9.981230313626133,2.527696244039921,14.648460390849564,132.57064199242552,-14.648429845465275,1.5346690600402253,-0.020137962375525276,-13.502619058361415,-0.08987793030625649,4.162663347645967,3.230420147744228,1.9146777653476321,2.8897276565942698,1.3662709328160456,4.224164497609428,2.5800783573282398,2.5922576610381087,2.5894250453565633,2.598610667707626,2.498224798859723,2.7752799534982993,2.6114384114133937,2.6324135715640296,2.8085648952474846,1.5100410676073315,4.048541476732729,2.8816994951697663,2.783885822550119,4.171410084941719,0.8341749236565168,5.276309263004263,0.6557748166082086,2.2329259952535394,3.456220225070102,1.0093575718560668,1.7561547609312682,0.22871174761490307,1.6624960012720311,2.226496361384677,3.3358297490309408,1.8101277505221685,4.042039030957267,4.19589064974999,1.1269729636951211,2.359617055779995,2.142992082331465,-7.346843432203862,4.918168017968168,5.256675597476279,3.780297758379022,1.026910563185427,4.317774438749895,5.023908173307855,7.51241122413834,3.751949443291363,3.44485150283869,0.29535456805590404,9.385876055596954,9.775010105622721,-0.23490951018027542,3.803060089190283,5.628090058398646,-0.34530650874095037,-1.4796946554886803,18.88069940646231,25.89537480574921,-3005.345694423798,5.018966179239558,0.5500509842441015,7.798804722670089,32.8598168136798,-107.64491850284267,5.631501443432937,4.954415082930394,2.798063021650486,1.8632714200735079,1.8632714200735079
VerticalTravel,0.0,-6.606941906133784,-8.080495410552658,-7.810499546921278,-3.145607039946526,-1.8571701212300695,-2.2109036199020693,-3.6308329056804496,-3.8122549952570353,0.6141082377282601,-4.960264085982658,-1.02705079148177,1.0134001339530414,3.1346456835561867,5.056619178733513,6.684570342370421,8.025404109800206,9.953492220555404,13.108790046238823,15.51020516117444,17.85943607361321,21.157571421657167,23.204655912407816,25.468017179356707,31.665447095418813,33.37951348338174,41.44265662561372,69.9326476565659,48.005839747458026,49.07781123702682,49.063085930293596,36.10921389843645,36.04485496137909,38.916906797182264,41.16978639435979,42.5256284894391,44.524626059880575,45.505866371030834,48.466061416230446,50.29154665065869,52.12835712183062,53.96613877093421,55.81293982616603,57.59498112332608,59.56477581544448,61.427459907085904,63.30629951012395,65.30248400124049,66.3653899283405,69.27316782728349,71.30954498667586,73.24797499947192,76.13720500988381,76.78109385860819,80.1682207017252,80.67712840852869,82.2916471079875,84.68700445470392,85.47111194244758,86.75927458566412,86.9311464305257,88.14480624392752,89.75335142549,92.11820755739973,93.44750207143045,96.26698977126773,99.70244119977406,100.38684125135183,102.10646710793014,103.65887291488593,98.27147820463699,101.78098982823747,105.16090311595156,107.62707004740741,108.32644431354595,111.11651314657456,114.27150026062498,118.63559839421532,121.12375979178955,123.41996465733575,123.63830738426986,127.23761205925052,133.8252745875726,133.57958987864197,136.1606815545274,139.57465975348657,139.2857364150974,138.09713401805072,167.47801055022762,181.7043320241446,140.74016502548773,143.71093875020767,144.12905927333895,150.54540234195474,161.8045223148282,149.7013596497154,153.91988235558892,156.60810033892267,158.57960731619448,159.99547017045404
AxlePathX,0.0,1.0153635993771104,1.2989547078740316,1.104258411164551,0.03984466405040621,-0.3266585906213777,-0.326111602080573,-0.1658144526167007,0.27111937030315403,-1.2395136010102306,-0.22304742773326325,-1.3524162552799908,-1.8326223539381772,-2.1751934140606863,-2.5331980863666104,-2.289663011569928,-2.6982674072158943,-2.9905997478870177,-3.5270699268997987,-3.869513573021436,-4.123257247306583,-4.419580775151417,-4.599300216590336,-4.766739733289569,-5.15481116725573,-5.1638932388733565,-5.278741269073748,-5.312774387715194,-5.437139782940108,-5.444130542191601,-5.516642194782321,-4.639782209224563,-4.761160375009581,-5.007347960483457,-5.258597301262284,-5.378554057457336,-5.0300103584201,-5.182814774299004,-5.714895490640174,-5.762303982045978,-5.796867293727587,-5.8192125243056125,-5.830930388963679,-5.835031293547104,-5.8222977879026985,-5.80444484758641,-5.777494678445123,-5.736610149119315,-5.098435917518032,-5.619418059415466,-5.511666001779872,-5.215266947647706,-5.3493323262187005,-5.331447792935137,-5.138333400899455,-5.038108055320208,-4.862024370843187,-4.771051106255527,-4.568322415688499,-4.253152054360953,-3.585546463662695,-3.1998770903103377,-2.921190130540708,-2.8570685150224335,-2.463672021524985,-2.511463173967968,-1.7779940688801616,-2.106455176342365,-1.7487572250098538,-1.3463302837566289,0.689516714725869,0.517534434682716,0.32382350263094395,0.43322381380403385,1.0463313863064059,1.1272607002201767,1.1521074655373695,0.9434555239530482,1.0897501798222038,1.2883679311380547,1.9280873619724161,2.675507521301597,1.375291258797347,2.014649358927727,2.332467044039049,2.416654859725895,3.608594742133505,4.893465431140271,60.95558741484365,65.92005081089383,7.208708604164258,7.303830616456253,8.537626602715704,11.370285156128716,10.299576096130409,7.807849765410538,8.173218352353274,8.443627877771178,9.190822700918716,10.293532835217661
IFC_x,738.9069923879592,739.9742383222664,740.2583528126329,740.3114857955221,739.7525016026996,739.7163839979883,739.872331630505,740.2071730917278,740.0304854014518,740.1873860915133,740.9073585332682,741.2997706992948,741.639436753512,741.6094981163908,741.9247525574527,740.2145100717823,740.8090172241541,740.8818058970778,741.565016246708,742.2864621372779,742.5915172024794,742.5169097345562,743.0729132026839,743.2975013698875,741.7333576289753,740.0644658337508,737.9306141679228,736.7230779475158,737.563858829628,737.5495632934643,737.9033969927888,737.8228285136775,738.1665102075307,738.3025208877782,738.7501648657552,739.0696956394443,737.7842084926095,738.0886531197684,740.3361345766631,740.5848144750186,740.8202985248333,741.0404171488916,741.250483122356,741.5981050067808,741.5616755739803,741.7255315558422,741.8037079931219,741.6749742406022,738.2256862289761,741.2709851240186,740.6497620570653,739.3368734136159,741.3821765746006,741.9102187606737,743.740967428119,745.2875513528038,746.50564329576,745.8304747007168,747.804753358389,750.0680357249923,755.0495602179743,757.077732289458,758.1679165102138,757.5986814304947,759.4098631855122,757.8913870250395,760.1780526058365,758.4016463637126,759.6922248640082,761.2552375305045,745.6221703252323,745.66791661012,745.6844514223012,746.0914509586587,747.2015271690724,747.5925255242649,747.9035296610516,747.8691997348324,748.378716786168,748.9795122035665,750.3012454104711,751.702184743118,751.5610222361865,762.876547224142,762.6439818865867,758.3461046938278,768.7426114511564,776.264165932904,820.7929100615862,824.4703682532734,784.0629039366603,784.028781117529,787.2774830851881,790.8866119222353,786.399367674526,775.7239453140286,778.7724338748428,782.6800128877891,788.4190317158674,795.3553083858214
IFC_y,636.9134151887317,633.3184563902158,632.5190324227349,632.6358824039415,635.0975153591021,635.7513278415978,635.5367534542394,634.7434781094977,634.7181491829773,636.8856555595337,633.9189646127885,635.8104570367195,636.7725009985766,637.85628316508,638.7677959446269,639.9835456423366,640.5313173141946,641.5034085233368,642.9672809547587,644.0384935002621,645.1779395335682,646.8968624739045,647.8241198767425,648.9421415442848,652.564399600284,653.9110818931972,658.8406655752109,675.0009214097786,662.5190710660274,663.1120190073199,662.9868072151094,656.0541455474496,655.9098343246819,657.4007574923097,658.4663713603467,659.0964112430871,660.6079291520189,661.0341237875222,661.9069192556394,662.8166915364801,663.7378018564053,664.6654564935816,665.6023868612448,666.4612260253022,667.5473690027436,668.5125559773232,669.5167318681767,670.658192287427,672.5301442011535,672.9962679859219,674.356219243311,675.9541748297678,676.795320364009,676.962530662443,678.1916153052082,677.9127318369046,678.3699992614045,679.9526019704957,679.66105905644,679.5442574989806,677.8291492756861,677.7491446474178,678.2144129902384,679.6921319786914,679.7337198927875,681.8224437105415,682.8230451787915,683.8633460038245,684.2947614473718,684.5218709209349,688.7819026657165,690.6922046949951,692.5393973412486,693.775596072326,693.8268092081057,695.2387008240592,696.8766721381556,699.2965607980079,700.496485804514,701.5552273863412,701.2096848823529,702.7460604431567,706.1455231203173,700.3906289106599,701.9798318892589,706.1066222014924,700.7937928309735,696.5567403508223,700.9388441173969,706.9542606424798,694.3365369038441,695.8415205357041,694.6003214956985,696.4626571518423,704.2902823224305,703.5988120981482,704.1443798355638,703.3339573326751,701.1827769393607,698.0950377922402
CLINE_0_x,958.5295376069223,957.5634936507918,957.3479514231975,957.3839632836244,958.0593647763646,958.242841999177,958.1898799709635,957.9811931071138,957.9652950531802,958.5874775390006,957.7801042172732,958.3396451138494,958.6307595730933,958.9364201775654,959.2109737646485,959.4585950893547,959.6444215469517,959.9193758692581,960.3653588513105,960.7049625936996,961.038288057051,961.5058468952066,961.7948193058946,962.1141634435857,962.984537400164,963.2271776663716,964.3568163835091,968.2343621616375,965.2621056679363,965.4097017989969,965.4046999801371,963.6324754615216,963.6188292379381,964.013636859656,964.3194726061288,964.5040458455154,964.7961521136097,964.9263322483725,965.3142918718723,965.5636615908063,965.814250669099,966.0646127515193,966.3157817800077,966.5576190755598,966.824732234753,967.0766591962791,967.330261695867,967.5992544645417,967.7699643626328,968.132895243201,968.4072033639522,968.676428093788,969.0489058181574,969.1338475946135,969.5836165956324,969.6543873697038,969.8716380419978,970.1843938133801,970.2949970608468,970.47557468314,970.530904532276,970.7053719149496,970.9244645215806,971.2278097250404,971.4160048807474,971.7681798135101,972.2356840076221,972.3034079718368,972.5354880376537,972.7486757806735,972.1875540913894,972.6161953300253,973.0236497610915,973.3322265263579,973.4512751485923,973.7954787912387,974.1780715711426,974.6883523052043,974.991467937984,975.2731457544646,975.3353561932511,975.7990199676522,976.4820532028192,976.4914104562927,976.8036799405132,977.1937188291848,977.2320456411131,977.1745940690574,984.1598494606488,985.9904425723471,977.6113346118019,977.9493800293691,978.0710287239992,978.953717675937,980.096263243766,978.6412868042697,979.1222493037319,979.4280756537036,979.6851006340476,979.9045436137067
CLINE_0_y,596.9679388260165,597.1361025744238,597.1715712061292,597.1656971896961,597.0516658729666,597.0194181491605,597.0287825337318,597.0652400744285,597.0679886422115,596.9573733619602,597.0997055028762,597.0021848628287,596.9494452747169,596.8925908257364,596.840226996651,596.7919456785862,596.755055092165,596.6994333103371,596.6065730079004,596.5336639548563,596.4602473677442,596.3541553829442,596.2867630717723,596.2106615866246,595.9945298212217,595.9319909954933,595.6275891637273,594.412761932147,595.3677447813475,595.324025994381,595.3255138074758,595.8252913914346,595.8289295736944,595.7223814168917,595.6380026585298,595.5862986711196,595.5032660719498,595.465784417754,595.3523305305438,595.2780153132037,595.2022361580333,595.1254198690797,595.0472412197313,594.9709080928924,594.8853846497026,594.8035528323678,594.720024323218,594.6301578626981,594.5724461417045,594.4479878871106,594.3523226091202,594.2570854702886,594.1231148717994,594.0922030299066,593.9262805472998,593.899827870486,593.8180354735669,593.6987216145528,593.6560835121886,593.585969626748,593.5643619208327,593.4958446449621,593.4089751490211,593.2871729960892,593.210711591853,593.0657745311667,592.869617272202,592.8408438275549,592.7415513770649,592.649396796568,592.8900107534424,592.706770747071,592.5291906345606,592.3924822594088,592.3392251592678,592.1836206822339,592.0078128827615,591.7686172759566,591.6239560295148,591.487790238795,591.4574904780301,591.2290612508159,590.8841167686185,590.8793206593017,590.7181623210432,590.5138405127948,590.4935803293037,590.523937907811,586.252342260372,584.9188655633785,590.2913061961041,590.1082893546975,590.041792686817,589.5490684509792,588.8840311891845,589.725538084756,589.4529262983938,589.276746374381,589.1269564154768,588.9978128437481
CLINE_1_x,545.9839999329953,545.4612304547574,545.4016356991104,545.2642774079417,545.275236442844,545.2008652217154,545.1170861845761,544.9451125650817,545.3567335412415,544.8367381653295,544.5677062986343,544.3292372648707,544.3125429725786,544.4566440594933,544.5357830090593,545.1735802163774,545.0608483007693,545.2062976317178,545.3799205829346,545.5781932739276,545.8551696745814,546.3032923079433,546.5836741078369,546.9246936298883,547.9224297091436,548.299678939582,549.9834392082663,556.1232260110237,551.2664403163855,551.4944517947357,551.4139762570777,549.4691042337097,549.3259985805313,549.7084228283027,549.944124495272,550.1180448478168,550.931679509106,550.986147619551,551.0717753686448,551.4214127992321,551.7858368708524,552.162117601244,552.5503105153228,552.9312624246712,553.3692929191471,553.7882634175282,554.2189989327778,554.6881731610475,555.5981513196481,555.6550269333396,556.1995317818895,556.9245898630198,557.3835827038928,557.5367113481813,558.4459469615784,558.6588533791077,559.1808431096491,559.7697854305361,560.1486163702198,560.7513020274754,561.5070036831565,562.170459642256,562.7979853719195,563.3450925580387,564.0381329675329,564.5510739740683,566.0289022362361,565.8082710767227,566.5354864021073,567.2773504023056,568.419780672307,568.930280036491,569.385317159915,569.9860327229745,570.7886892518585,571.4176588540325,572.0516690081297,572.6554849371315,573.2843996416661,573.931504197345,574.6702749529801,576.1559395615108,575.9432473246513,576.5975040233308,577.4125164993845,578.1177233819727,579.3706871306468,580.5640835520708,647.7481139181124,655.6272436695483,583.574704063639,584.2080612516667,585.6355460238988,589.8736199992552,590.6220694976306,585.8137328568542,586.9448888852696,587.702234457347,588.8586638929899,590.310770660353
CLINE_1_y,672.0027127253338,665.6635207722325,664.2464403457699,664.5070836132622,668.990415706725,670.2275078700097,669.8886843240052,668.52680265492,668.3497568289658,672.5999986542612,667.2522472545377,671.0301883988889,672.986667467288,675.017389487365,676.8559894082078,678.4070671626432,679.6891638189229,681.5286910501005,684.5361369050028,686.8214663848769,689.0538035676192,692.1830194891143,694.1228020891666,696.2649947376293,702.1183001287359,703.7327923349262,711.3112675452752,737.8670133106541,717.4607270088591,718.4630895412788,718.4507331273064,706.2926058733748,706.2340396421678,708.9364457353552,711.054977657708,712.3284967769275,714.1952900242708,715.1168521274508,717.8964061411583,719.6035668488033,721.3197219145752,723.0351968361335,724.7575220165742,726.4180258758531,728.2516503284633,729.9840419792222,731.7298876723746,733.5829869812729,734.5540044322191,737.2636201699495,739.1476792826088,740.9344729309056,743.6103952469247,744.2050663284828,747.3280117570814,747.7948015696206,749.2790905932968,751.4844766742102,752.200695868469,753.3772233363792,753.5146914390622,754.6192581954288,756.089489955232,758.2604129651958,759.4679657983535,762.056685026633,765.1798152957209,765.8184023315576,767.3799349652687,768.7856124503747,763.7813227568859,766.9990800424425,770.0962506627596,772.3447508177989,772.9593292453785,775.5016449698327,778.3767112894358,782.3599627001498,784.6177947770041,786.6971967678812,786.8672962818843,790.1028964400648,796.1413391170108,795.8880180532981,798.2125137748943,801.3011712368926,800.9799896785864,799.8397225517542,822.419373821015,834.5225366095964,802.1123578557578,804.7917325652033,805.103977238929,810.7358058550969,820.9360549518351,810.1727377284392,813.9572085433089,816.3649132363144,818.097924968082,819.3081657094174
AS_Point_x,1761.5256797583083,1761.5256797583083,1761.5256797583083,1761.5256797583083,1761.5256797583083,1761.5256797583083,1761.5256797583083,1761.5256797583083,1761.5256797583083,1761.5256797583083,1761.5256797583083,1761.5256797583083,1761.5256797583083,1761.5256797583083,1761.5256797583083,1761.5256797583083,1761.5256797583083,1761.5256797583083,1761.5256797583083,1761.5256797583083,1761.5256797583083,1761.5256797583083,1761.5256797583083,1761.5256797583083,1761.5256797583083,1761.5256797583083,1761.5256797583083,1761.5256797583083,1761.5256797583083,1761.5256797583083,1761.5256797583083,1761.5256797583083,1761.5256797583083,1761.5256797583083,1761.5256797583083,1761.5256797583083,1761.5256797583083,1761.5256797583083,1761.5256797583083,1761.5256797583083,1761.5256797583083,1761.5256797583083,1761.5256797583083,1761.5256797583083,1761.5256797583083,1761.5256797583083,1761.5256797583083,1761.5256797583083,1761.5256797583083,1761.5256797583083,1761.5256797583083,1761.5256797583083,1761.5256797583083,1761.5256797583083,1761.5256797583083,1761.5256797583083,1761.5256797583083,1761.5256797583083,1761.5256797583083,1761.5256797583083,1761.5256797583083,1761.5256797583083,1761.5256797583083,1761.5256797583083,1761.5256797583083,1761.5256797583083,1761.5256797583083,1761.5256797583083,1761.5256797583083,1761.5256797583083,1761.5256797583083,1761.5256797583083,1761.5256797583083,1761.5256797583083,1761.5256797583083,1761.5256797583083,1761.5256797583083,1761.5256797583083,1761.5256797583083,1761.5256797583083,1761.5256797583083,1761.5256797583083,1761.5256797583083,1761.5256797583083,1761.5256797583083,1761.5256797583083,1761.5256797583083,1761.5256797583083,1761.5256797583083,1761.5256797583083,1761.5256797583083,1761.5256797583083,1761.5256797583083,1761.5256797583083,1761.5256797583083,1761.5256797583083,1761.5256797583083,1761.5256797583083,1761.5256797583083,1761.5256797583083
AS_Point_y,2739.8801145365173,2748.127486044629,2749.9908376748704,2746.779769857908,2734.7503180775075,2729.1627011718665,2727.76770646042,2727.580465565862,2734.7204539299964,2709.411074993357,2720.3178198059813,2696.9710931809445,2684.3308428814985,2677.6217512694984,2666.8249731670294,2687.946644081011,2674.0482411619914,2666.9336269441847,2647.7652271996276,2631.4683170508392,2621.32384131432,2613.8560752204316,2601.9595678212772,2593.8857336463666,2598.9674903322157,2616.6397581755627,2629.2096042108624,2599.581982541879,2621.791180630602,2620.2014257483356,2615.012594291017,2645.607340100324,2640.1211729433385,2631.2852530845,2619.5083853870706,2612.1328739229502,2628.6238892395254,2621.6620979797226,2583.591010924625,2577.160825833096,2571.0152786668687,2565.1891599908395,2559.5872859301585,2552.490788718626,2549.9666234350725,2545.2201327848816,2541.590470814309,2540.448267213918,2588.0162479697165,2540.3779641929946,2545.9465238479625,2562.2438012370962,2531.0630769058425,2523.7552234813043,2498.107111600978,2479.6730182451006,2464.34571205801,2469.5536379778505,2446.861289231521,2421.3872419875047,2370.5223007148816,2349.5274018240398,2337.464673378292,2340.57438237346,2322.083027012097,2333.8985847096483,2309.8141463398533,2325.4025172057777,2311.666511755125,2295.6935000570775,2503.2031918706543,2495.7515798008144,2488.679630728818,2481.0210450695836,2472.0531521439534,2463.8796809179926,2455.653097587262,2447.7525913201002,2439.2462798995457,2430.40851933631,2419.892252226364,2404.5788892560463,2384.8947757360484,2260.803010284235,2262.189609728903,2306.2226291812403,2201.99231815955,2135.96010470856,2042.2886546447785,2017.199681639378,2071.874422097549,2068.3923301779637,2045.18217879236,2020.3535404488857,2039.1205281541083,2145.7794916329685,2111.145402396163,2070.1989268885773,2017.1459850837211,1958.1864163268442
Tyre_Contact_x,527.5256797583082,528.5410433576853,528.8246344661823,528.6299381694728,527.5655244223586,527.1990211676869,527.1995681562277,527.3598653056915,527.7967991286114,526.286166157298,527.302632330575,526.1732635030282,525.69305740437,525.3504863442475,524.9924816719416,525.2360167467383,524.8274123510923,524.5350800104212,523.9986098314084,523.6561661852868,523.4024225110016,523.1060989831568,522.9263795417179,522.7589400250187,522.3708685910525,522.3617865194349,522.2469384892345,522.212905370593,522.0885399753681,522.0815492161166,522.0090375635259,522.8858975490837,522.7645193832986,522.5183317978248,522.267082457046,522.1471257008509,522.4956693998881,522.3428649840092,521.810784267668,521.7633757762623,521.7288124645806,521.7064672340026,521.6947493693445,521.6906484647611,521.7033819704055,521.7212349107218,521.7481850798631,521.7890696091889,522.4272438407902,521.9062616988928,522.0140137565284,522.3104128106605,522.1763474320895,522.1942319653731,522.3873463574088,522.487571702988,522.663655387465,522.7546286520527,522.9573573426197,523.2725277039473,523.9401332946455,524.3258026679979,524.6044896277675,524.6686112432858,525.0620077367832,525.0142165843403,525.7476856894281,525.4192245819659,525.7769225332984,526.1793494745516,528.2151964730341,528.043214192991,527.8495032609392,527.9589035721123,528.5720111446146,528.6529404585284,528.6777872238456,528.4691352822613,528.6154299381304,528.8140476894463,529.4537671202806,530.2011872796098,528.9009710171056,529.540329117236,529.8581468023473,529.9423346180341,531.1342745004417,532.4191451894485,588.4812671731519,593.445730569202,534.7343883624725,534.8295103747645,536.0633063610239,538.895964914437,537.8252558544386,535.3335295237188,535.6988981106615,535.9693076360794,536.716502459227,537.8192125935259
Tyre_Contact_y,202.21779812771626,195.61085622158248,194.1373027171636,194.407298580795,199.07219108776974,200.3606280064862,200.0068945078142,198.58696522203581,198.40554313245923,202.83190636544452,197.2575340417336,201.1907473362345,203.2311982616693,205.35244381127245,207.27441730644978,208.90236847008669,210.24320223751647,212.17129034827167,215.3265881739551,217.7280032888907,220.07723420132947,223.37536954937343,225.42245404012408,227.68581530707297,233.88324522313508,235.597311611098,243.66045475333,272.15044578428217,250.2236378751743,251.2956093647431,251.28088405800986,238.32701202615272,238.26265308909535,241.13470492489853,243.38758452207605,244.74342661715536,246.74242418759684,247.7236644987471,250.6838595439467,252.50934477837495,254.34615524954688,256.1839368986505,258.0307379538823,259.81277925104234,261.78257394316074,263.64525803480217,265.5240976378402,267.52028212895675,268.58318805605677,271.49096595499975,273.5273431143921,275.4657731271882,278.3550031376001,278.99889198632445,282.38601882944147,282.89492653624495,284.50944523570377,286.9048025824202,287.68891007016384,288.9770727133804,289.14894455824196,290.3626043716438,291.97114955320626,294.336005685116,295.6653001991467,298.484787898984,301.9202393274903,302.6046393790681,304.3242652356464,305.8766710426022,300.48927633235326,303.99878795595373,307.3787012436678,309.8448681751237,310.5442424412622,313.3343112742908,316.48929838834124,320.8533965219316,323.3415579195058,325.637762785052,325.85610551198613,329.4554101869668,336.0430727152889,335.79738800635823,338.37847968224366,341.79245788120284,341.50353454281367,340.314932145767,369.6958086779439,383.92213015186087,342.957963153204,345.92873687792394,346.3468574010552,352.763200469671,364.02232044254447,351.9191577774317,356.1376804833052,358.82589846663893,360.79740544391075,362.2132682981703
AntiSquatPercent,230.69657421898188,231.4463352651739,231.6157308679231,231.3238156118356,230.23022908634462,229.72226391310454,229.59544621206396,229.5784243125587,230.22751416384364,227.92666153324004,228.9181837889332,226.795754095748,225.64664043216203,225.03672301288927,224.05519773084666,225.97534963211768,224.71185845766138,224.06507534695166,222.32249355199195,220.84095626573844,219.91873119878215,219.23984337206502,218.15834269941462,217.42435777442273,217.88633565495448,219.49290545889514,220.63561873483147,217.9421985831057,219.96121659117142,219.81669342005628,219.34498146939097,222.12632199750982,221.62757952869293,220.82431408698028,219.75368975085038,219.08318870865764,220.58237191925537,219.94948180472784,216.4884738906281,215.90391160958,215.34522550355928,214.815578351193,214.3063170729493,213.66118096280994,213.43171139157784,213.0002122415605,212.67024297150843,212.56640628056377,216.89076816745455,212.56001509684347,213.06624779274964,214.54781846448907,211.71320716164783,211.04885685032616,208.71721031575103,207.04138364703493,205.64799217548125,206.12143998637583,204.05849919125495,201.7426767145262,197.11859114428773,195.20996397239304,194.11335229550687,194.39605311324942,192.71502080767095,193.78916241653928,191.5996680192852,193.01679264346012,191.76806487521898,190.3159729026692,209.18049034026706,208.50307106119072,207.86016660010017,207.16393154016976,206.34866854693064,205.60562570820693,204.85775449632234,204.1395266538531,203.36622561562083,202.56279283714485,201.6067685544225,200.21464464803,198.42517978257564,187.14411019604714,187.270164691017,191.27316645941127,181.7976836392576,175.79475514371302,167.2791687742784,164.9983530465147,169.96878399725753,169.6522301863861,167.54221642405852,165.28506748374267,166.99115727512654,176.68742668229564,173.53887311531332,169.81646625098736,164.993471541455,159.63351074537528
